,Entry Index,Avg Entry Price,PnL,Direction,Status,tick_volume,atr
0,2022-11-01 00:10:00,0.98755,1,Long,Closed,6,0.0003046405485436448
1,2022-11-01 01:45:00,0.98846,0,Short,Closed,72,0.00018699900416736752
2,2022-11-01 07:05:00,0.99019,0,Short,Closed,326,0.00036359214405873216
3,2022-11-01 10:35:00,0.99161,1,Long,Closed,631,0.0005760489157666712
4,2022-11-07 00:40:00,0.99137,1,Long,Closed,154,0.0006348083673986449
5,2022-11-07 01:25:00,0.99371,1,Short,Closed,198,0.0008377864198124079
6,2022-11-07 03:40:00,0.99366,1,Long,Closed,475,0.0006279514271757257
7,2022-11-07 04:50:00,0.99336,0,Short,Closed,301,0.0005160424090490895
8,2022-11-07 09:15:00,0.99383,0,Long,Closed,510,0.00048511297976439993
9,2022-11-07 10:30:00,0.9959,0,Short,Closed,930,0.0007736016557723978
10,2022-11-08 00:25:00,1.00175,1,Long,Closed,9,0.0002272326409953695
11,2022-11-08 01:25:00,1.00177,1,Short,Closed,132,0.00022594848957867368
12,2022-11-08 04:05:00,1.00123,0,Long,Closed,287,0.00034199618253330375
13,2022-11-09 01:30:00,1.00791,1,Short,Closed,214,0.00032798268201516406
14,2022-11-09 02:40:00,1.00706,1,Long,Closed,197,0.0003823770431761337
15,2022-11-09 04:30:00,1.00753,1,Short,Closed,422,0.0003990335148691607
16,2022-11-09 05:50:00,1.00773,1,Long,Closed,225,0.00043570045926659466
17,2022-11-09 10:20:00,1.00785,1,Short,Closed,663,0.0005853200483089434
18,2022-11-14 00:40:00,1.0322,1,Long,Closed,25,0.000586044086199496
19,2022-11-14 01:45:00,1.033,1,Short,Closed,293,0.0006022077743402116
20,2022-11-14 06:45:00,1.03119,1,Long,Closed,282,0.0005031887482331781
21,2022-11-14 09:15:00,1.03175,1,Short,Closed,462,0.0004804563882925641
22,2022-11-18 00:15:00,1.03604,1,Long,Closed,4,0.00032854479184981456
23,2022-11-18 02:40:00,1.03673,1,Short,Closed,198,0.00027413158773891856
24,2022-11-18 04:00:00,1.03677,1,Long,Closed,522,0.0003867117700635642
25,2022-11-18 04:20:00,1.0371,0,Short,Closed,213,0.0004146242415864805
26,2022-11-18 07:10:00,1.03658,1,Long,Closed,190,0.00040689666588960324
27,2022-11-18 08:10:00,1.0366,1,Short,Closed,259,0.00040449231466330914
28,2022-11-18 10:35:00,1.03516,1,Long,Closed,527,0.0007037489011762988
29,2022-11-21 01:25:00,1.03269,1,Short,Closed,316,0.0002396133531275552
30,2022-11-21 02:50:00,1.03189,0,Long,Closed,430,0.0003394528468000165
31,2022-11-21 06:20:00,1.0297,1,Short,Closed,268,0.0004076776834110463
32,2022-11-21 07:05:00,1.02774,0,Long,Closed,342,0.00047525142977520506
33,2022-11-22 00:50:00,1.02413,0,Short,Closed,79,0.00022579313384981362
34,2022-11-22 06:20:00,1.02598,1,Long,Closed,145,0.00028376415301972064
35,2022-11-22 10:10:00,1.0256,0,Short,Closed,537,0.0005177703309374116
36,2022-11-23 01:05:00,1.03038,0,Short,Closed,147,0.000171968688880472
37,2022-11-23 03:10:00,1.03102,0,Long,Closed,212,0.00028964217500501433
38,2022-11-23 04:10:00,1.03102,0,Short,Closed,225,0.0003755038399118086
39,2022-11-23 06:15:00,1.0314,1,Long,Closed,85,0.00035314563976874874
40,2022-11-23 07:40:00,1.03241,1,Short,Closed,179,0.00036262028475313597
41,2022-11-24 01:40:00,1.04135,0,Short,Closed,203,0.0003989609686879801
42,2022-11-24 08:10:00,1.04328,0,Long,Closed,256,0.00040594317680686995
43,2022-11-25 00:10:00,1.04087,1,Long,Closed,6,0.00022632686010908327
44,2022-11-25 03:40:00,1.04074,0,Short,Closed,246,0.00038106996188075717
45,2022-11-25 07:40:00,1.04124,1,Long,Closed,179,0.00033214807022080513
46,2022-11-25 09:00:00,1.04205,1,Short,Closed,338,0.00035314501463434546
47,2022-11-25 10:10:00,1.04161,1,Long,Closed,489,0.0004668402726561654
48,2022-11-25 10:35:00,1.04218,1,Short,Closed,307,0.000510702005405712
49,2022-11-28 00:15:00,1.03759,1,Long,Closed,16,0.0005421599029751648
50,2022-11-28 02:40:00,1.03792,1,Short,Closed,299,0.0004260571739625087
51,2022-11-28 04:05:00,1.03451,1,Long,Closed,294,0.000515822967702601
52,2022-11-28 04:55:00,1.03598,1,Short,Closed,234,0.0005267488692345752
53,2022-11-28 07:40:00,1.03522,1,Long,Closed,161,0.00036478764318249537
54,2022-11-28 09:35:00,1.03723,0,Short,Closed,380,0.00047571513282909016
55,2022-12-05 00:10:00,1.05349,1,Long,Closed,4,0.0004480766130693788
56,2022-12-05 04:05:00,1.05631,0,Short,Closed,354,0.00046142379332425165
57,2022-12-05 08:25:00,1.05729,0,Long,Closed,203,0.00034990981077799273
58,2022-12-06 01:00:00,1.0493999999999999,0,Short,Closed,180,0.0002577960762362777
59,2022-12-06 04:50:00,1.05007,1,Long,Closed,394,0.00046151630354987467
60,2022-12-06 10:30:00,1.04892,0,Short,Closed,645,0.0007164556771600601
61,2022-12-08 00:15:00,1.0503,1,Long,Closed,69,0.0003189343865838153
62,2022-12-08 01:25:00,1.05126,1,Short,Closed,157,0.0002809873411060881
63,2022-12-08 02:45:00,1.05076,0,Long,Closed,82,0.0002501370802749892
64,2022-12-08 08:30:00,1.05093,1,Short,Closed,191,0.0003323650857496219
65,2022-12-09 00:15:00,1.05523,1,Long,Closed,6,0.00023937154486746004
66,2022-12-09 00:50:00,1.0556,1,Short,Closed,811,0.00019469041454531596
67,2022-12-09 03:25:00,1.05818,1,Short,Closed,309,0.0004211047301873327
68,2022-12-09 04:40:00,1.05698,1,Long,Closed,287,0.0004111664544094133
69,2022-12-09 05:25:00,1.05814,1,Short,Closed,208,0.0004031383878828258
70,2022-12-09 07:15:00,1.05799,1,Long,Closed,243,0.00032950426088744906
71,2022-12-09 09:20:00,1.05751,1,Short,Closed,267,0.0004275999390672529
72,2022-12-12 02:05:00,1.05224,0,Long,Closed,406,0.0002769446559625039
73,2022-12-12 04:55:00,1.05145,1,Short,Closed,194,0.0003588372848908704
74,2022-12-12 07:30:00,1.05114,1,Long,Closed,186,0.00026063027122108685
75,2022-12-12 08:20:00,1.05169,0,Short,Closed,241,0.00028560126584254336
76,2022-12-19 02:50:00,1.05968,0,Short,Closed,280,0.0003608324376644769
77,2022-12-19 07:45:00,1.06057,1,Long,Closed,125,0.00027917652008227354
78,2022-12-19 09:05:00,1.06275,1,Short,Closed,335,0.00041239964677935553
79,2022-12-19 10:10:00,1.06339,1,Long,Closed,366,0.0004949496330359064
80,2022-12-19 10:35:00,1.06414,1,Short,Closed,243,0.0005430848085968647
81,2022-12-20 01:20:00,1.06066,1,Short,Closed,217,0.00018475859309595848
82,2022-12-20 03:00:00,1.06,1,Long,Closed,211,0.00029444034375034924
83,2022-12-20 05:25:00,1.06116,1,Short,Closed,970,0.0010150834734849001
84,2022-12-20 07:50:00,1.05827,1,Long,Closed,315,0.0006742028804132167
85,2022-12-20 08:40:00,1.05963,0,Short,Closed,711,0.000625882382720379
86,2022-12-21 01:25:00,1.06261,1,Short,Closed,239,0.00028618398451110027
87,2022-12-21 02:45:00,1.06236,1,Long,Closed,160,0.00021691993570266066
88,2022-12-21 04:35:00,1.06162,1,Short,Closed,171,0.00033887334588631076
89,2022-12-21 05:00:00,1.06138,1,Long,Closed,213,0.0003264972392718885
90,2022-12-21 08:10:00,1.06124,0,Short,Closed,304,0.0002572118588841703
91,2022-12-22 00:15:00,1.06065,1,Long,Closed,486,0.0002623231203158357
92,2022-12-22 01:40:00,1.06114,0,Short,Closed,68,0.00020214845854383686
93,2022-12-22 08:10:00,1.06441,1,Long,Closed,297,0.00032259040092864585
94,2022-12-22 08:35:00,1.0649,1,Short,Closed,230,0.00030690727400042574
95,2022-12-22 09:25:00,1.06391,1,Long,Closed,213,0.000345883032091851
96,2022-12-22 10:35:00,1.06451,1,Short,Closed,346,0.0005536298074994061
97,2022-12-22 10:55:00,1.06324,1,Long,Closed,301,0.000629778762286301
98,2022-12-23 00:55:00,1.05965,1,Short,Closed,35,0.0002236691453563058
99,2022-12-23 03:00:00,1.05891,1,Long,Closed,464,0.00027478742592952464
100,2022-12-23 04:00:00,1.06019,0,Short,Closed,236,0.00033037337787628236
101,2022-12-23 07:05:00,1.06053,1,Long,Closed,90,0.00020622683438923785
102,2022-12-23 07:55:00,1.06072,0,Short,Closed,183,0.0002120881355614382
103,2022-12-23 10:45:00,1.0606,1,Long,Closed,177,0.0004651240022781616
104,2022-12-27 01:10:00,1.06359,0,Short,Closed,178,0.00027556830747975386
105,2022-12-27 05:30:00,1.06396,1,Long,Closed,198,0.0003455124810419333
106,2022-12-27 08:20:00,1.06545,0,Short,Closed,221,0.0002847592526951259
107,2022-12-27 10:20:00,1.06484,1,Long,Closed,403,0.0004811688143380581
108,2022-12-28 00:05:00,1.06357,0,Long,Closed,7,0.0002318952716114442
109,2022-12-28 03:45:00,1.06379,0,Short,Closed,267,0.00032724102269109274
110,2022-12-28 09:15:00,1.06473,1,Long,Closed,320,0.0002922129313813014
111,2022-12-28 09:30:00,1.06526,1,Short,Closed,323,0.00032631990169267494
112,2022-12-28 10:05:00,1.0643,1,Long,Closed,350,0.00037742037679349593
113,2022-12-29 00:10:00,1.06074,1,Long,Closed,5,0.0002412065164891706
114,2022-12-29 02:10:00,1.06249,0,Short,Closed,94,0.0002207581009896647
115,2022-12-29 05:10:00,1.06247,0,Long,Closed,151,0.0002623561777096453
116,2022-12-29 07:25:00,1.06251,1,Short,Closed,88,0.000231151173559698
117,2022-12-29 08:50:00,1.0615900000000003,1,Long,Closed,140,0.0002871085036851907
118,2022-12-29 10:45:00,1.06336,0,Short,Closed,360,0.00045438442752416343
119,2022-12-30 00:10:00,1.06619,1,Long,Closed,3,0.0002397644052670684
120,2022-12-30 02:15:00,1.06642,1,Short,Closed,150,0.00022130663387369146
121,2022-12-30 04:20:00,1.06586,1,Long,Closed,102,0.00029945153064672513
122,2022-12-30 05:50:00,1.06606,1,Short,Closed,86,0.00023054528207592945
123,2022-12-30 07:05:00,1.06547,0,Long,Closed,122,0.00023201646612535948
124,2022-12-30 10:35:00,1.06636,1,Short,Closed,374,0.0004703835890513559
125,2023-01-02 00:45:00,1.06929,1,Long,Closed,93,0.0004527978445925727
126,2023-01-02 03:10:00,1.07046,1,Short,Closed,8,0.0004104939252474767
127,2023-01-02 04:55:00,1.06909,1,Long,Closed,8,0.0002895418933430063
128,2023-01-02 07:00:00,1.06986,1,Short,Closed,8,0.00025154520018957644
129,2023-01-02 07:20:00,1.06948,0,Long,Closed,13,0.0002832247621463482
130,2023-01-02 10:50:00,1.06883,1,Short,Closed,147,0.0007233338676381973
131,2023-01-10 00:20:00,1.07273,1,Long,Closed,705,0.0003071092845296541
132,2023-01-10 01:20:00,1.0733,1,Short,Closed,88,0.00033483289787475786
133,2023-01-10 02:45:00,1.07228,1,Long,Closed,165,0.0003446354252930755
134,2023-01-10 03:55:00,1.07357,1,Short,Closed,293,0.00035727731779735964
135,2023-01-10 04:55:00,1.07257,1,Long,Closed,306,0.00041804852061533157
136,2023-01-10 07:20:00,1.07364,1,Short,Closed,163,0.0002996838602370547
137,2023-01-10 08:50:00,1.07265,1,Long,Closed,259,0.0003455345062760314
138,2023-01-10 10:35:00,1.07422,1,Short,Closed,402,0.0006075864158276912
139,2023-01-11 00:15:00,1.07327,1,Long,Closed,7,0.00024461744408074844
140,2023-01-11 01:35:00,1.07367,1,Short,Closed,55,0.0001961308743903168
141,2023-01-11 03:50:00,1.07314,1,Long,Closed,212,0.00029859159099249226
142,2023-01-11 06:50:00,1.07357,0,Short,Closed,98,0.00023729223041310302
143,2023-01-11 09:10:00,1.07513,0,Long,Closed,335,0.0003730327455363316
144,2023-01-16 01:40:00,1.08281,1,Long,Closed,185,0.0003367985366440548
145,2023-01-16 02:35:00,1.08384,0,Short,Closed,231,0.00039707753497033595
146,2023-01-16 05:25:00,1.08635,0,Long,Closed,128,0.00034514798078240556
147,2023-01-19 01:35:00,1.07956,1,Short,Closed,84,0.00023737915128051876
148,2023-01-19 04:05:00,1.07846,1,Long,Closed,299,0.00037483762502205613
149,2023-01-19 05:15:00,1.07962,1,Short,Closed,192,0.0003250771748465063
150,2023-01-19 09:10:00,1.07981,1,Long,Closed,286,0.00038021194279940163
151,2023-01-19 10:25:00,1.08202,1,Short,Closed,481,0.0006475555450887624
152,2023-01-20 00:20:00,1.08322,1,Long,Closed,35,0.00029064289486808743
153,2023-01-20 01:55:00,1.08345,1,Short,Closed,48,0.0002032714207976378
154,2023-01-20 03:05:00,1.08295,1,Long,Closed,170,0.0002594451154039158
155,2023-01-20 03:40:00,1.0838,1,Short,Closed,152,0.00034205219062338277
156,2023-01-20 05:40:00,1.08347,0,Long,Closed,91,0.00027792166328676464
157,2023-01-20 08:15:00,1.08325,1,Short,Closed,137,0.0002465708515302672
158,2023-01-20 09:00:00,1.08245,1,Long,Closed,414,0.0003070917475980316
159,2023-01-20 09:35:00,1.08386,1,Short,Closed,269,0.00043013693325964374
160,2023-01-23 00:10:00,1.08644,0,Short,Closed,48,0.00028438887847573053
161,2023-01-23 06:20:00,1.08966,0,Long,Closed,101,0.00030856284832242486
162,2023-01-23 09:05:00,1.09167,1,Short,Closed,572,0.0005548910401442852
163,2023-01-24 01:20:00,1.08682,0,Short,Closed,80,0.00018627640059465202
164,2023-01-24 06:30:00,1.0873599999999999,1,Long,Closed,88,0.00021018708397014502
165,2023-01-24 07:25:00,1.08795,1,Short,Closed,105,0.00018489522493778517
166,2023-01-24 10:50:00,1.08737,0,Long,Closed,243,0.0006252265236650276
167,2023-01-25 00:05:00,1.0886,0,Short,Closed,15,0.0002162928431081541
168,2023-01-25 07:50:00,1.08941,1,Long,Closed,104,0.00021101997798104677
169,2023-01-25 08:35:00,1.09066,1,Short,Closed,177,0.0003127455634984901
170,2023-01-25 10:10:00,1.0888,0,Long,Closed,219,0.0005392488385468622
171,2023-01-26 00:20:00,1.09147,1,Long,Closed,6,0.0002609070548535093
172,2023-01-26 01:35:00,1.09225,1,Short,Closed,67,0.00023989935279687043
173,2023-01-26 03:45:00,1.09158,1,Long,Closed,207,0.0002678377957110294
174,2023-01-26 04:20:00,1.09161,1,Short,Closed,155,0.0002677918770958993
175,2023-01-26 07:25:00,1.09113,1,Long,Closed,46,0.00021215427014460104
176,2023-01-26 08:10:00,1.09192,1,Short,Closed,133,0.0002386861835188422
177,2023-01-26 09:25:00,1.09135,0,Long,Closed,328,0.0004412396907587973
178,2023-01-27 00:15:00,1.08895,1,Long,Closed,38,0.000223816887318462
179,2023-01-27 01:25:00,1.0894,1,Short,Closed,192,0.00019342005219555406
180,2023-01-27 03:35:00,1.08929,0,Long,Closed,129,0.00031745019049598774
181,2023-01-27 07:55:00,1.08712,1,Short,Closed,104,0.00019821532717796637
182,2023-01-27 09:00:00,1.08697,1,Long,Closed,260,0.00025717111869272876
183,2023-01-27 09:55:00,1.08766,1,Short,Closed,343,0.00028333949821465813
184,2023-01-27 10:30:00,1.08738,1,Long,Closed,263,0.0003795317448179682
185,2023-02-06 00:15:00,1.07847,1,Long,Closed,32,0.0003763493470527111
186,2023-02-06 01:30:00,1.07937,0,Short,Closed,399,0.0003783586277083676
187,2023-02-06 07:45:00,1.0794,0,Long,Closed,131,0.00025811673325046465
188,2023-02-07 00:30:00,1.07268,1,Long,Closed,117,0.00026478575831186916
189,2023-02-07 02:30:00,1.07315,0,Short,Closed,121,0.00022335131538503075
190,2023-02-07 06:25:00,1.07335,1,Long,Closed,153,0.0002618393231705326
191,2023-02-07 07:50:00,1.07366,1,Short,Closed,151,0.0002524754608581499
192,2023-02-07 09:25:00,1.07348,0,Long,Closed,352,0.0003649991813521592
193,2023-02-08 00:00:00,1.07227,0,Short,Closed,5,0.0003600252898796002
194,2023-02-08 09:10:00,1.07283,1,Long,Closed,240,0.00031388981179980606
195,2023-02-08 10:10:00,1.07446,0,Short,Closed,463,0.000536609532673901
196,2023-02-10 00:05:00,1.07359,0,Short,Closed,20,0.00023939470684241506
197,2023-02-10 02:50:00,1.07287,1,Long,Closed,211,0.00021309075455530074
198,2023-02-10 03:25:00,1.07371,1,Short,Closed,154,0.000252167170960912
199,2023-02-10 05:50:00,1.07199,1,Long,Closed,127,0.0002690641888670233
200,2023-02-10 08:15:00,1.07271,1,Short,Closed,213,0.00023110431516188285
201,2023-02-13 00:15:00,1.06806,1,Short,Closed,9,0.000204653538725597
202,2023-02-13 01:15:00,1.06752,0,Long,Closed,123,0.00022539070800903338
203,2023-02-13 07:05:00,1.06658,0,Short,Closed,143,0.00022665676647748735
204,2023-02-16 00:10:00,1.06866,1,Long,Closed,357,0.00017542687708377807
205,2023-02-16 02:20:00,1.06919,1,Short,Closed,194,0.00019975034520070656
206,2023-02-16 02:45:00,1.06856,1,Long,Closed,313,0.0002653403993139214
207,2023-02-16 04:05:00,1.0706,1,Short,Closed,210,0.00033972933369215294
208,2023-02-16 07:45:00,1.07059,1,Long,Closed,174,0.00022138153015744912
209,2023-02-16 09:50:00,1.0708,1,Short,Closed,249,0.00032682442353327846
210,2023-02-20 00:15:00,1.06871,0,Long,Closed,17,0.0002650088178054514
211,2023-02-20 04:45:00,1.06796,0,Short,Closed,140,0.0002505401174800438
212,2023-02-21 00:55:00,1.06843,1,Short,Closed,394,0.0001392597701156175
213,2023-02-21 02:25:00,1.06817,0,Long,Closed,72,0.00020287532661947665
214,2023-02-21 07:20:00,1.06686,1,Short,Closed,131,0.00021501807223167936
215,2023-02-21 09:40:00,1.06647,1,Long,Closed,237,0.0003036850966261874
216,2023-02-21 10:35:00,1.06692,1,Short,Closed,572,0.0005128731105272777
217,2023-02-24 00:10:00,1.05939,1,Long,Closed,13,0.0002146546157615675
218,2023-02-24 01:30:00,1.05987,1,Short,Closed,101,0.00019482772482540823
219,2023-02-24 03:50:00,1.0599,0,Long,Closed,454,0.0004047086971581002
220,2023-02-27 00:10:00,1.05467,1,Long,Closed,14,0.00022354970627493548
221,2023-02-27 01:50:00,1.05535,1,Short,Closed,91,0.00020285934811082996
222,2023-02-27 02:20:00,1.05503,1,Long,Closed,243,0.00026981206772841264
223,2023-02-27 03:15:00,1.05552,1,Short,Closed,221,0.0002823575226650721
224,2023-02-27 05:50:00,1.05433,1,Long,Closed,119,0.0002822109831765631
225,2023-02-27 07:10:00,1.05483,1,Short,Closed,148,0.00022824387900153333
226,2023-02-27 07:45:00,1.05414,1,Long,Closed,146,0.00023570544796306476
227,2023-02-27 09:40:00,1.05456,0,Short,Closed,345,0.000371980377150137
228,2023-03-03 01:15:00,1.05996,1,Short,Closed,132,0.00017215233650447347
229,2023-03-03 02:15:00,1.05984,1,Long,Closed,73,0.00015935906067338077
230,2023-03-03 02:35:00,1.06003,0,Short,Closed,110,0.00018841613212964772
231,2023-03-03 05:10:00,1.06045,1,Long,Closed,174,0.0002858739759744724
232,2023-03-03 07:15:00,1.06096,0,Short,Closed,72,0.00019202572771483215
233,2023-03-03 10:10:00,1.06155,1,Long,Closed,392,0.0004052615877024898
234,2023-03-06 00:10:00,1.06236,1,Long,Closed,5,0.00026914887262057956
235,2023-03-06 02:25:00,1.06335,1,Short,Closed,138,0.00025994983829513403
236,2023-03-06 03:30:00,1.06278,1,Long,Closed,213,0.00029187178734058506
237,2023-03-06 04:10:00,1.0630600000000001,0,Short,Closed,143,0.00032606230372864023
238,2023-03-06 06:45:00,1.06447,1,Long,Closed,84,0.00025369132680070684
239,2023-03-06 07:30:00,1.06457,1,Short,Closed,106,0.00024552771254173926
240,2023-03-06 08:50:00,1.0642800000000001,1,Long,Closed,171,0.00030227504059304966
241,2023-03-06 09:45:00,1.06523,1,Short,Closed,289,0.00035758322338481344
242,2023-03-07 00:05:00,1.06759,0,Short,Closed,130,0.0002466020530786113
243,2023-03-07 00:10:00,1.06763,1,Long,Closed,815,0.00023898762071585542
244,2023-03-07 01:35:00,1.06849,1,Short,Closed,57,0.00026130378057267784
245,2023-03-07 03:15:00,1.06792,1,Long,Closed,138,0.00022001441582251277
246,2023-03-07 03:45:00,1.06815,0,Short,Closed,216,0.00025613854856685394
247,2023-03-07 08:05:00,1.06842,1,Long,Closed,157,0.0002135543256988342
248,2023-03-07 09:50:00,1.06857,1,Short,Closed,382,0.0003883788424464047
249,2023-03-07 10:30:00,1.06759,0,Long,Closed,446,0.0004642822262872047
250,2023-03-09 00:45:00,1.05411,1,Long,Closed,24,0.00017532336772148433
251,2023-03-09 01:30:00,1.05473,1,Short,Closed,142,0.00017444981476135116
252,2023-03-09 03:05:00,1.05472,1,Long,Closed,146,0.00021784422421798237
253,2023-03-09 05:05:00,1.05446,0,Short,Closed,89,0.00023645169434201744
254,2023-03-09 08:35:00,1.05499,1,Long,Closed,125,0.0002004227004623873
255,2023-03-09 09:45:00,1.05555,0,Short,Closed,123,0.00028316864812055347
256,2023-03-13 00:40:00,1.06811,0,Short,Closed,57,0.0005647258816895718
257,2023-03-13 03:15:00,1.06891,1,Long,Closed,513,0.000841553121948681
258,2023-03-13 03:40:00,1.06957,1,Short,Closed,480,0.0007752391178298063
259,2023-03-13 04:50:00,1.06744,1,Long,Closed,467,0.0006312373409460779
260,2023-03-13 06:10:00,1.07322,1,Short,Closed,529,0.000848484402270739
261,2023-03-13 09:50:00,1.07225,1,Long,Closed,362,0.00047297999586037306
262,2023-03-13 10:55:00,1.07282,1,Short,Closed,386,0.0006343342196598351
263,2023-03-20 00:10:00,1.06836,1,Short,Closed,32,0.0004444440911868146
264,2023-03-20 01:30:00,1.06764,1,Long,Closed,570,0.0003198843553439708
265,2023-03-20 02:55:00,1.06769,0,Short,Closed,188,0.0003300611286697448
266,2023-03-20 05:05:00,1.0677699999999999,0,Long,Closed,277,0.00044282468706692075
267,2023-03-20 08:40:00,1.06717,1,Short,Closed,200,0.00031477748067836877
268,2023-03-20 10:00:00,1.0661,1,Long,Closed,943,0.000447537840037252
269,2023-03-21 00:10:00,1.07175,1,Long,Closed,21,0.0002256155572133148
270,2023-03-21 01:30:00,1.07225,1,Short,Closed,104,0.00016518822394822062
271,2023-03-21 03:05:00,1.07216,0,Long,Closed,264,0.00016645609599796044
272,2023-03-21 09:15:00,1.07137,1,Short,Closed,161,0.0002319941830088871
273,2023-03-21 09:30:00,1.07077,1,Long,Closed,284,0.0002583641472560082
274,2023-03-21 10:50:00,1.07177,0,Short,Closed,433,0.0003655807458161753
275,2023-03-23 01:30:00,1.08625,0,Short,Closed,111,0.0003257168369785325
276,2023-03-24 00:10:00,1.08304,1,Long,Closed,35,0.000447936107236019
277,2023-03-24 01:25:00,1.08359,1,Short,Closed,182,0.0002695593425089409
278,2023-03-24 02:00:00,1.08318,0,Long,Closed,304,0.00026805033761073834
279,2023-03-24 07:10:00,1.0824799999999999,0,Short,Closed,171,0.0002715765664848824
280,2023-03-24 09:35:00,1.08317,1,Long,Closed,166,0.0002880234267423173
281,2023-03-27 00:35:00,1.07685,0,Short,Closed,14,0.00027071611373166417
282,2023-03-27 03:05:00,1.07676,0,Long,Closed,279,0.0003478189125601185
283,2023-03-27 06:20:00,1.07706,1,Short,Closed,136,0.0002681860345396055
284,2023-03-27 08:05:00,1.0766499999999999,1,Long,Closed,220,0.00023153244300508908
285,2023-03-27 09:05:00,1.07645,1,Short,Closed,372,0.00030302140435472673
286,2023-03-27 09:50:00,1.07626,1,Long,Closed,231,0.000417089159000823
287,2023-03-27 10:20:00,1.07659,1,Short,Closed,488,0.0005123829564620743
288,2023-03-28 01:20:00,1.07996,0,Short,Closed,27,0.00016339504629287672
289,2023-03-28 07:30:00,1.0810799999999998,1,Long,Closed,123,0.00022106658256464826
290,2023-03-28 09:00:00,1.08102,0,Short,Closed,397,0.00026468128547132785
291,2023-03-29 00:15:00,1.08423,1,Long,Closed,50,0.0001958923666597885
292,2023-03-29 03:15:00,1.08461,1,Short,Closed,152,0.000229851222002896
293,2023-03-29 04:55:00,1.08445,0,Long,Closed,148,0.00027897875078990587
294,2023-03-29 07:45:00,1.08386,1,Short,Closed,165,0.00023196772247204546
295,2023-03-29 08:30:00,1.08354,0,Long,Closed,204,0.00025499073343906645
296,2023-03-29 10:55:00,1.08347,0,Short,Closed,237,0.00040359629829066695
297,2023-04-03 01:30:00,1.08331,0,Long,Closed,489,0.000265348455600086
298,2023-04-03 09:50:00,1.08098,0,Short,Closed,240,0.0004064376591105752
299,2023-04-04 00:10:00,1.09012,1,Long,Closed,8,0.00019540078025941568
300,2023-04-04 01:25:00,1.09046,0,Short,Closed,58,0.0001577434331851043
301,2023-04-04 03:15:00,1.09047,0,Long,Closed,186,0.00018904090876748736
302,2023-04-04 08:00:00,1.08944,1,Short,Closed,176,0.000262797453524985
303,2023-04-04 08:55:00,1.08872,1,Long,Closed,186,0.00029557076018199563
304,2023-04-04 10:00:00,1.0907199999999997,0,Short,Closed,361,0.0003841908199329044
305,2023-04-06 00:05:00,1.08995,0,Short,Closed,15,0.00022593815022453812
306,2023-04-06 00:15:00,1.09013,1,Long,Closed,23,0.00021409973157116187
307,2023-04-06 01:35:00,1.09083,1,Short,Closed,55,0.0001568283744131713
308,2023-04-06 03:20:00,1.09026,0,Long,Closed,147,0.00016476083415221333
309,2023-04-06 06:50:00,1.08921,0,Short,Closed,67,0.00018923302981280587
310,2023-04-10 00:10:00,1.0901399999999999,1,Long,Closed,51,0.0004005939324183417
311,2023-04-10 01:00:00,1.0899,0,Short,Closed,166,0.0002918576435689604
312,2023-04-10 03:50:00,1.09042,0,Long,Closed,352,0.00025982859912764147
313,2023-04-10 06:40:00,1.09004,1,Short,Closed,80,0.00018268233813038693
314,2023-04-10 07:15:00,1.08968,1,Long,Closed,74,0.00018843535909570527
315,2023-04-10 09:15:00,1.08975,0,Short,Closed,149,0.00022064057339893196
316,2023-04-11 01:35:00,1.08641,0,Short,Closed,47,0.00014736769691422858
317,2023-04-11 04:25:00,1.0871,1,Long,Closed,167,0.000259046109756725
318,2023-04-11 05:35:00,1.08834,0,Short,Closed,159,0.00030091952409797316
319,2023-04-11 10:05:00,1.08888,1,Long,Closed,401,0.00034249766249444226
320,2023-04-11 10:35:00,1.08963,0,Short,Closed,361,0.00043686136699623514
321,2023-04-18 00:10:00,1.09228,1,Long,Closed,5,0.0001845951541782518
322,2023-04-18 01:30:00,1.09276,1,Short,Closed,12,0.00012798358912996833
323,2023-04-18 02:10:00,1.09262,1,Long,Closed,38,0.0001312267867753848
324,2023-04-18 03:55:00,1.0924,0,Short,Closed,187,0.00018645250746701232
325,2023-04-18 07:55:00,1.09346,1,Long,Closed,67,0.0001576793708633648
326,2023-04-18 08:15:00,1.09351,0,Short,Closed,78,0.0001725619666604789
327,2023-04-20 02:05:00,1.09521,1,Long,Closed,45,0.00014724072573577172
328,2023-04-20 03:20:00,1.0957,1,Short,Closed,105,0.00019237122217135859
329,2023-04-20 04:20:00,1.09538,1,Long,Closed,140,0.00024962168319528794
330,2023-04-20 04:45:00,1.09562,1,Short,Closed,153,0.00029052231514144184
331,2023-04-20 06:10:00,1.0954,1,Long,Closed,119,0.00025299482712391226
332,2023-04-20 06:55:00,1.09603,1,Short,Closed,86,0.00021681468229272602
333,2023-04-20 07:55:00,1.09579,1,Long,Closed,67,0.00017621959292191014
334,2023-04-20 08:15:00,1.09579,1,Short,Closed,67,0.00019002467184095392
335,2023-04-20 10:30:00,1.0956,1,Long,Closed,350,0.00044349552987159416
336,2023-04-21 00:05:00,1.09665,0,Short,Closed,12,0.0002385865875786214
337,2023-04-21 02:20:00,1.09665,1,Long,Closed,18,0.00015666456332444952
338,2023-04-21 04:05:00,1.09721,1,Short,Closed,83,0.00021255328407074464
339,2023-04-21 04:55:00,1.09672,0,Long,Closed,137,0.00022596406595178442
340,2023-04-21 09:20:00,1.0963,1,Short,Closed,118,0.00020383127279857512
341,2023-04-21 10:10:00,1.09447,1,Long,Closed,290,0.0003624251560452538
342,2023-04-24 01:10:00,1.09896,1,Long,Closed,73,0.00018318028619022982
343,2023-04-24 02:25:00,1.09933,1,Short,Closed,59,0.0001579964124518515
344,2023-04-24 03:20:00,1.09894,1,Long,Closed,123,0.000186904756129472
345,2023-04-24 04:10:00,1.09896,1,Short,Closed,123,0.0002533366924823254
346,2023-04-24 05:10:00,1.09899,0,Long,Closed,68,0.00025380437176993135
347,2023-04-24 09:25:00,1.09845,1,Short,Closed,210,0.00028226802303053713
348,2023-04-24 10:10:00,1.09743,1,Long,Closed,411,0.00033929131878130146
349,2023-04-24 10:50:00,1.09793,0,Short,Closed,313,0.00039421818102200094
350,2023-04-25 01:35:00,1.10488,0,Short,Closed,22,0.00018479386266208206
351,2023-04-25 05:15:00,1.10555,1,Long,Closed,153,0.00028963307929587826
352,2023-04-25 07:35:00,1.10568,1,Short,Closed,123,0.0001904650549839404
353,2023-04-25 08:20:00,1.10538,0,Long,Closed,169,0.00020587212960719838
354,2023-04-26 00:25:00,1.0971899999999999,1,Long,Closed,34,0.0002599892513514272
355,2023-04-26 01:25:00,1.09758,1,Short,Closed,94,0.0002741437173621174
356,2023-04-26 02:15:00,1.09785,1,Long,Closed,123,0.00026777490952079004
357,2023-04-26 08:15:00,1.09815,0,Short,Closed,116,0.00019460392563222726
358,2023-04-27 00:05:00,1.10357,0,Short,Closed,25,0.0002309803253166917
359,2023-04-27 01:25:00,1.10385,1,Long,Closed,91,0.0002395539675919688
360,2023-04-27 02:25:00,1.10434,0,Short,Closed,89,0.0001842606756585972
361,2023-04-27 07:10:00,1.10481,1,Long,Closed,95,0.00019941615977677086
362,2023-04-27 07:35:00,1.10524,1,Short,Closed,128,0.00020025497971827
363,2023-04-27 09:45:00,1.10555,1,Long,Closed,311,0.000353104477106911
364,2023-05-01 01:50:00,1.10119,1,Long,Closed,181,0.0002503534770646064
365,2023-05-01 03:15:00,1.10108,1,Short,Closed,231,0.00023081147386611433
366,2023-05-01 04:20:00,1.10041,1,Long,Closed,196,0.00024251803097519257
367,2023-05-01 05:50:00,1.10064,1,Short,Closed,123,0.00022809892458357234
368,2023-05-01 08:05:00,1.1005,0,Long,Closed,125,0.0002232866193534136
369,2023-05-08 01:15:00,1.10204,1,Short,Closed,97,0.00016735672448071648
370,2023-05-08 01:55:00,1.10158,1,Long,Closed,69,0.00015860100398717723
371,2023-05-08 02:45:00,1.10202,0,Short,Closed,45,0.00017656214140283829
372,2023-05-08 09:05:00,1.10398,1,Long,Closed,166,0.00018620628061326048
373,2023-05-08 09:25:00,1.10438,1,Short,Closed,163,0.0002192900765460961
374,2023-05-09 00:25:00,1.10028,0,Long,Closed,29,0.00019270033900724385
375,2023-05-09 04:25:00,1.09913,1,Short,Closed,116,0.00024079672332962335
376,2023-05-09 05:20:00,1.09889,1,Long,Closed,101,0.00024058400263441622
377,2023-05-09 07:15:00,1.09929,1,Short,Closed,96,0.00017858051892400534
378,2023-05-09 08:25:00,1.09922,1,Long,Closed,102,0.00021241227428815614
379,2023-05-09 09:35:00,1.09994,1,Short,Closed,210,0.0002729135331582454
380,2023-05-09 10:00:00,1.09945,0,Long,Closed,333,0.0003633124302130773
381,2023-05-11 00:20:00,1.09794,1,Long,Closed,6,0.0001671499778765056
382,2023-05-11 01:20:00,1.09832,0,Short,Closed,24,0.00014778559798638946
383,2023-05-11 03:00:00,1.09826,1,Long,Closed,191,0.00012262953818256212
384,2023-05-11 03:35:00,1.09855,1,Short,Closed,140,0.0001532837232253576
385,2023-05-11 05:30:00,1.09762,1,Long,Closed,180,0.0002933895737785184
386,2023-05-11 09:00:00,1.09784,1,Short,Closed,187,0.0001977920244406969
387,2023-05-11 09:50:00,1.09505,0,Long,Closed,393,0.0004301332684068879
388,2023-05-15 00:10:00,1.08535,1,Short,Closed,13,0.0002277639824732329
389,2023-05-15 01:20:00,1.08508,1,Long,Closed,64,0.00021157569872738246
390,2023-05-15 03:20:00,1.08501,0,Short,Closed,68,0.00018792402721167517
391,2023-05-15 07:25:00,1.08611,1,Long,Closed,47,0.0001683507220648485
392,2023-05-15 08:40:00,1.0866,1,Short,Closed,102,0.0001745421700511639
393,2023-05-15 09:50:00,1.08642,1,Long,Closed,212,0.0002548890657436016
394,2023-05-15 10:55:00,1.08739,1,Short,Closed,180,0.0003311797294645917
395,2023-05-18 00:00:00,1.08378,1,Long,Closed,8,0.00014598177134284143
396,2023-05-18 00:30:00,1.08393,1,Short,Closed,46,0.00012325976232182203
397,2023-05-18 02:15:00,1.08379,1,Long,Closed,46,0.00011833330489024035
398,2023-05-18 04:05:00,1.08393,0,Short,Closed,118,0.00017145477994631744
399,2023-05-18 07:00:00,1.08398,0,Long,Closed,117,0.000184469764149618
400,2023-05-19 00:20:00,1.07683,1,Long,Closed,13,0.0001606122306847596
401,2023-05-19 02:05:00,1.0775,1,Short,Closed,75,0.00012276679651224042
402,2023-05-19 04:50:00,1.0766,1,Long,Closed,200,0.0002814368007912629
403,2023-05-19 06:10:00,1.07682,1,Short,Closed,192,0.0002674576566988124
404,2023-05-19 07:55:00,1.07621,1,Long,Closed,107,0.00018947770119531247
405,2023-05-19 09:05:00,1.077,0,Short,Closed,300,0.0002218274635480387
406,2023-05-22 01:50:00,1.08185,0,Short,Closed,20,0.00016397779274912805
407,2023-05-22 08:25:00,1.08165,1,Long,Closed,113,0.00020523801905784631
408,2023-05-22 09:45:00,1.08189,1,Short,Closed,256,0.00035294588111306333
409,2023-05-22 10:30:00,1.08058,1,Long,Closed,284,0.0004513414852662785
410,2023-05-23 00:10:00,1.08129,1,Long,Closed,10,0.00021309483399942474
411,2023-05-23 03:20:00,1.08178,1,Short,Closed,167,0.0002115854014480034
412,2023-05-23 04:40:00,1.08086,0,Long,Closed,204,0.00023569867514754936
413,2023-05-23 06:00:00,1.08103,1,Short,Closed,139,0.00022420495118323765
414,2023-05-23 08:55:00,1.08056,0,Long,Closed,135,0.00022993394609110342
415,2023-05-24 00:10:00,1.0769,1,Long,Closed,396,0.00019536408927253916
416,2023-05-24 02:00:00,1.07722,1,Short,Closed,118,0.00010520081745439901
417,2023-05-24 03:10:00,1.07693,1,Long,Closed,108,0.000124140409801573
418,2023-05-24 03:40:00,1.07722,1,Short,Closed,101,0.00016005030287309885
419,2023-05-24 04:30:00,1.07703,1,Long,Closed,205,0.0002093580133666513
420,2023-05-24 05:40:00,1.07737,0,Short,Closed,204,0.00024325090847575887
421,2023-05-24 10:10:00,1.07799,1,Long,Closed,394,0.0003795050804891196
422,2023-05-25 01:35:00,1.0747,1,Long,Closed,368,0.0002047231760185893
423,2023-05-25 02:05:00,1.07553,1,Short,Closed,82,0.00024218784510961062
424,2023-05-25 03:15:00,1.07521,0,Long,Closed,120,0.00022086560653996796
425,2023-05-25 09:20:00,1.07327,1,Long,Closed,211,0.0002993321047460126
426,2023-05-25 10:00:00,1.07322,1,Short,Closed,523,0.00038260436968095
427,2023-05-25 10:30:00,1.07243,1,Long,Closed,380,0.0004508440526767324
428,2023-05-26 00:50:00,1.0726,1,Long,Closed,26,0.00017760133288480595
429,2023-05-26 04:30:00,1.07275,0,Short,Closed,257,0.00025624897177306164
430,2023-05-26 08:25:00,1.07413,0,Long,Closed,211,0.0001865108083043746
431,2023-05-29 00:15:00,1.07227,1,Long,Closed,24,0.00022776614839959205
432,2023-05-29 01:25:00,1.07253,1,Short,Closed,87,0.0002117472177148995
433,2023-05-29 01:55:00,1.07192,1,Long,Closed,47,0.00019493281208714927
434,2023-05-29 04:25:00,1.07275,0,Short,Closed,83,0.00022814539790680271
435,2023-05-29 10:20:00,1.0731999999999997,0,Long,Closed,143,0.00026815685193618265
436,2023-06-05 00:15:00,1.0708199999999999,1,Short,Closed,7,0.0001490922592648463
437,2023-06-05 01:15:00,1.07064,0,Long,Closed,114,0.00014340493820670777
438,2023-06-05 05:00:00,1.07015,1,Short,Closed,241,0.0002807952709908621
439,2023-06-05 07:35:00,1.06997,1,Long,Closed,78,0.00018775026875022673
440,2023-06-05 09:05:00,1.06976,1,Short,Closed,286,0.00025636604570251665
441,2023-06-05 09:35:00,1.06934,1,Long,Closed,166,0.0002863139543647074
442,2023-06-06 00:35:00,1.0711,1,Short,Closed,24,0.00016337090046685936
443,2023-06-06 02:40:00,1.071,1,Long,Closed,46,0.0001617655372321791
444,2023-06-06 03:35:00,1.07158,0,Short,Closed,94,0.00016320349570077508
445,2023-06-06 06:50:00,1.07164,1,Long,Closed,58,0.00017207403934297542
446,2023-06-06 07:55:00,1.07224,1,Short,Closed,127,0.00021823742545404014
447,2023-06-06 10:15:00,1.0725,0,Long,Closed,329,0.00040821638663619705
448,2023-06-07 01:20:00,1.06949,0,Short,Closed,8,8.55388959537129e-05
449,2023-06-07 05:00:00,1.06964,0,Long,Closed,97,0.00023842576163953536
450,2023-06-07 07:25:00,1.06956,1,Short,Closed,23,0.00016585316818872582
451,2023-06-07 08:00:00,1.06905,1,Long,Closed,166,0.00016691055420749057
452,2023-06-08 00:15:00,1.06973,1,Long,Closed,36,0.00019975292108086507
453,2023-06-08 01:35:00,1.07006,0,Short,Closed,189,0.00012681360605291733
454,2023-06-08 09:10:00,1.0711999999999997,1,Long,Closed,214,0.0002053453040362277
455,2023-06-08 10:00:00,1.07111,1,Short,Closed,471,0.0002966562189235444
456,2023-06-08 10:40:00,1.07056,1,Long,Closed,248,0.0003636897538231979
457,2023-06-09 00:50:00,1.07813,1,Short,Closed,19,0.0001548254248106935
458,2023-06-09 05:25:00,1.0777700000000001,1,Long,Closed,133,0.0002039848705602431
459,2023-06-09 09:00:00,1.07779,1,Short,Closed,319,0.00018880461055848522
460,2023-06-09 10:35:00,1.07738,0,Long,Closed,305,0.0003577294166057951
461,2023-06-12 02:55:00,1.07495,1,Short,Closed,80,0.00014422217691568507
462,2023-06-12 04:20:00,1.07449,0,Long,Closed,125,0.00016996877282143485
463,2023-06-12 06:45:00,1.07395,0,Short,Closed,94,0.00017135992419070484
464,2023-06-19 00:15:00,1.09359,1,Long,Closed,6,0.00031053134574193434
465,2023-06-19 03:15:00,1.09422,1,Short,Closed,91,0.000216754909691548
466,2023-06-19 06:25:00,1.09343,1,Long,Closed,65,0.00018858357952346134
467,2023-06-19 08:55:00,1.09377,1,Short,Closed,223,0.0001958974881173714
468,2023-06-19 09:40:00,1.09304,1,Long,Closed,156,0.00030145506986053793
469,2023-06-19 10:50:00,1.09279,1,Short,Closed,238,0.0004134222857714056
470,2023-06-20 00:05:00,1.09193,0,Short,Closed,29,0.0001097577872025705
471,2023-06-20 02:25:00,1.09217,0,Long,Closed,102,0.0001193449723378472
472,2023-06-20 06:15:00,1.09221,1,Short,Closed,66,0.0002531065912407992
473,2023-06-20 07:15:00,1.09173,1,Long,Closed,62,0.00021132937565686841
474,2023-06-20 08:50:00,1.09228,1,Short,Closed,198,0.0002583342685274281
475,2023-06-20 10:15:00,1.09279,1,Long,Closed,391,0.0004589262808774564
476,2023-06-20 10:50:00,1.0943100000000001,1,Short,Closed,315,0.0005183214140892634
477,2023-06-21 00:50:00,1.09193,1,Short,Closed,20,0.00020112638813160572
478,2023-06-21 03:30:00,1.09163,1,Long,Closed,124,0.00017329360296321642
479,2023-06-21 05:35:00,1.09166,1,Short,Closed,172,0.00023728798427367247
480,2023-06-21 08:20:00,1.09149,1,Long,Closed,127,0.00016277040654972806
481,2023-06-22 00:30:00,1.09842,1,Long,Closed,20,0.0001660745571203822
482,2023-06-22 01:45:00,1.09891,0,Short,Closed,32,0.0001462832307392169
483,2023-06-22 03:35:00,1.09891,1,Long,Closed,81,0.00015328665213062238
484,2023-06-22 04:30:00,1.09928,1,Short,Closed,118,0.00017998931376271584
485,2023-06-22 05:30:00,1.09916,0,Long,Closed,80,0.00018158605463095397
486,2023-06-22 10:40:00,1.09903,0,Short,Closed,437,0.0003863456406928271
487,2023-06-23 00:30:00,1.09562,1,Short,Closed,155,0.00016975285814840754
488,2023-06-23 05:00:00,1.0946599999999997,0,Long,Closed,221,0.0002249328095719773
489,2023-06-26 00:00:00,1.08999,0,Short,Closed,40,0.00015725609726154893
490,2023-06-26 03:25:00,1.09062,1,Long,Closed,123,0.0002448102455882178
491,2023-06-26 03:50:00,1.09056,1,Short,Closed,213,0.00025717768361989407
492,2023-06-26 07:55:00,1.09015,1,Long,Closed,85,0.0002014494390225855
493,2023-06-26 08:35:00,1.09097,1,Short,Closed,90,0.0002024236469056538
494,2023-06-26 09:50:00,1.09051,0,Long,Closed,177,0.00029307099840551347
495,2023-06-27 01:35:00,1.09104,1,Short,Closed,23,0.00013784994051004333
496,2023-06-27 03:20:00,1.09083,1,Long,Closed,131,0.00013530917077952568
497,2023-06-27 05:00:00,1.09242,1,Short,Closed,172,0.0003739345364533264
498,2023-06-27 08:10:00,1.09256,1,Long,Closed,99,0.00021638958604541268
499,2023-06-27 09:55:00,1.0928,0,Short,Closed,272,0.0003164399305768013
500,2023-07-03 01:10:00,1.09103,1,Long,Closed,92,0.00013997071818502054
501,2023-07-03 01:30:00,1.09109,1,Short,Closed,48,0.0001466436818534565
502,2023-07-03 02:45:00,1.09083,1,Long,Closed,182,0.00011865582262459691
503,2023-07-03 04:50:00,1.09105,0,Short,Closed,219,0.00028867939797405293
504,2023-07-03 09:55:00,1.0893,0,Long,Closed,227,0.00033578833340688734
505,2023-07-04 00:05:00,1.09085,0,Short,Closed,5,0.0001235345861847112
506,2023-07-04 00:15:00,1.09097,1,Long,Closed,24,0.00013115992380211835
507,2023-07-04 01:00:00,1.09103,0,Short,Closed,82,0.00015188942903040476
508,2023-07-04 03:15:00,1.09117,1,Long,Closed,65,0.00013916777289227518
509,2023-07-04 04:35:00,1.09102,1,Short,Closed,98,0.00019916333189404068
510,2023-07-04 05:55:00,1.09052,0,Long,Closed,51,0.0001650519490850928
511,2023-07-04 09:30:00,1.09078,1,Short,Closed,112,0.0002506088272499812
512,2023-07-04 10:55:00,1.0903100000000001,0,Long,Closed,227,0.00034997544439357715
513,2023-07-05 00:00:00,1.08777,1,Long,Closed,6,0.0001976442775896221
514,2023-07-05 02:05:00,1.08799,0,Short,Closed,71,0.00012947153535879485
515,2023-07-05 04:25:00,1.08845,0,Long,Closed,94,0.00018026081410764597
516,2023-07-05 06:30:00,1.08766,1,Short,Closed,77,0.00015305410515573965
517,2023-07-05 08:30:00,1.08737,1,Long,Closed,118,0.00018008137338656094
518,2023-07-05 09:00:00,1.08814,0,Short,Closed,230,0.00021698792778132516
519,2023-07-10 00:15:00,1.09644,1,Long,Closed,10,0.00023373143670655242
520,2023-07-10 01:35:00,1.0966900000000002,1,Short,Closed,161,0.0002005021401934629
521,2023-07-10 02:45:00,1.09651,1,Long,Closed,115,0.00015846643578049904
522,2023-07-10 03:05:00,1.09637,1,Short,Closed,188,0.00019634813286982088
523,2023-07-10 03:40:00,1.09584,1,Long,Closed,132,0.00022320210760950083
524,2023-07-10 04:15:00,1.09664,1,Short,Closed,259,0.0002667589272411579
525,2023-07-10 06:45:00,1.09558,1,Long,Closed,105,0.0002459213066494495
526,2023-07-10 10:20:00,1.09529,0,Short,Closed,343,0.00045485487159084456
527,2023-07-14 00:15:00,1.12208,1,Long,Closed,65,0.00026707189543355816
528,2023-07-14 01:30:00,1.12262,1,Short,Closed,67,0.0002487687862679818
529,2023-07-14 03:20:00,1.12176,1,Long,Closed,193,0.000242693233769375
530,2023-07-14 04:55:00,1.12316,0,Short,Closed,186,0.00031260114797638003
531,2023-07-14 07:40:00,1.12346,0,Long,Closed,118,0.00022668017291257872
532,2023-07-18 00:10:00,1.12381,1,Long,Closed,15,0.0002209680051622836
533,2023-07-18 04:00:00,1.12421,0,Short,Closed,220,0.00019934205005327156
534,2023-07-18 08:05:00,1.12527,1,Long,Closed,105,0.00018956632502526677
535,2023-07-18 08:35:00,1.12586,1,Short,Closed,88,0.00021553974026142366
536,2023-07-18 09:30:00,1.12478,1,Long,Closed,215,0.00037440299625076046
537,2023-07-18 10:25:00,1.12708,1,Short,Closed,303,0.00047973967809350216
538,2023-07-20 00:15:00,1.11999,1,Long,Closed,27,0.0001814017188492417
539,2023-07-20 02:10:00,1.1203,0,Short,Closed,52,0.00016082311853765844
540,2023-07-20 07:35:00,1.12216,0,Long,Closed,105,0.000241147562240654
541,2023-07-20 10:15:00,1.12173,1,Short,Closed,382,0.0003747586727715948
542,2023-07-20 10:50:00,1.12008,1,Long,Closed,366,0.0005194791847475757
543,2023-07-21 01:25:00,1.11351,1,Short,Closed,43,0.00018252171207192616
544,2023-07-21 03:15:00,1.1134,1,Long,Closed,121,0.00020042029118854128
545,2023-07-21 04:50:00,1.11392,1,Short,Closed,187,0.0002716716259903487
546,2023-07-21 08:50:00,1.11379,1,Long,Closed,146,0.00019727383287678767
547,2023-07-21 09:10:00,1.11385,1,Short,Closed,282,0.000252629059266814
548,2023-07-21 10:45:00,1.11291,0,Long,Closed,386,0.00043056417806840164
549,2023-07-24 00:10:00,1.11241,1,Long,Closed,22,0.00018386661691720507
550,2023-07-24 03:50:00,1.11299,1,Short,Closed,221,0.00018799045911076603
551,2023-07-24 04:50:00,1.1125,1,Long,Closed,246,0.00025710531029633966
552,2023-07-24 05:40:00,1.11288,1,Short,Closed,156,0.00024021048769316366
553,2023-07-24 07:55:00,1.11186,1,Long,Closed,86,0.00017768602463127188
554,2023-07-24 08:25:00,1.11227,0,Short,Closed,125,0.0001958013698140798
555,2023-07-25 00:55:00,1.1064,1,Short,Closed,77,0.0001436788896404962
556,2023-07-25 01:10:00,1.10649,0,Long,Closed,58,0.00018481870282077017
557,2023-07-25 03:15:00,1.10652,0,Short,Closed,120,0.0001633312717058464
558,2023-07-25 08:15:00,1.1072899999999999,1,Long,Closed,108,0.0001882887705987696
559,2023-07-25 09:00:00,1.10761,1,Short,Closed,359,0.0002469344880119293
560,2023-07-25 10:15:00,1.10826,0,Long,Closed,321,0.0003991089429577755
561,2023-08-07 00:05:00,1.10101,1,Short,Closed,4,0.00028334052961300735
562,2023-08-07 02:05:00,1.10026,1,Long,Closed,38,0.000231173503599305
563,2023-08-07 03:35:00,1.10089,1,Short,Closed,34,0.00022157564891524213
564,2023-08-07 04:45:00,1.0997,0,Long,Closed,101,0.00025559286110634103
565,2023-08-07 10:55:00,1.09891,1,Short,Closed,154,0.00037007727937859357
566,2023-08-09 00:10:00,1.09547,1,Long,Closed,16,0.0001800601641458555
567,2023-08-09 03:50:00,1.09605,1,Short,Closed,72,0.00016750657131551195
568,2023-08-09 04:10:00,1.09608,1,Long,Closed,139,0.00019913408952889114
569,2023-08-09 04:30:00,1.0966,1,Short,Closed,167,0.0002279745088253552
570,2023-08-09 07:40:00,1.09665,1,Long,Closed,61,0.0001763053668094385
571,2023-08-09 08:20:00,1.09779,1,Short,Closed,69,0.00023550367349630606
572,2023-08-09 09:30:00,1.09714,1,Long,Closed,173,0.0002470345093377896
573,2023-08-14 01:20:00,1.09459,0,Long,Closed,31,0.00020057478243831842
574,2023-08-14 09:00:00,1.09372,1,Short,Closed,373,0.0002273319562170688
575,2023-08-14 09:15:00,1.09292,1,Long,Closed,103,0.00029438349409945753
576,2023-08-14 10:35:00,1.09465,0,Short,Closed,191,0.00039297666979773644
577,2023-08-15 02:20:00,1.0905,1,Long,Closed,12,0.0001280668649849254
578,2023-08-15 03:15:00,1.0907,1,Short,Closed,90,0.0001460935484532449
579,2023-08-15 04:00:00,1.09074,1,Long,Closed,122,0.00018602906733787135
580,2023-08-15 04:35:00,1.09022,0,Short,Closed,244,0.00029456872360815385
581,2023-08-15 08:20:00,1.09112,1,Long,Closed,86,0.00019246192169160745
582,2023-08-15 09:15:00,1.09155,0,Short,Closed,233,0.00028732746166530704
583,2023-08-16 00:10:00,1.09052,1,Long,Closed,54,0.00020456162930933706
584,2023-08-16 04:45:00,1.09091,0,Short,Closed,116,0.000250614665776264
585,2023-08-17 00:05:00,1.08763,0,Short,Closed,8,0.00024902171968447785
586,2023-08-17 02:15:00,1.08779,0,Long,Closed,21,0.00015700080485454374
587,2023-08-17 08:10:00,1.0866500000000001,1,Short,Closed,91,0.00015782694416893945
588,2023-08-17 08:50:00,1.08646,1,Long,Closed,70,0.0001839016588290519
589,2023-08-17 09:10:00,1.08737,1,Short,Closed,157,0.0002480660474233887
590,2023-08-18 00:10:00,1.0866,1,Long,Closed,52,0.0002943114931509889
591,2023-08-18 02:55:00,1.08749,0,Short,Closed,37,0.0001524342249417496
592,2023-08-18 06:30:00,1.08863,0,Long,Closed,119,0.0002549894160249633
593,2023-08-18 09:10:00,1.08806,1,Short,Closed,177,0.0002747867314074714
594,2023-08-18 10:15:00,1.0873,1,Long,Closed,214,0.00040007242031853623
595,2023-08-21 00:15:00,1.0869000000000002,1,Long,Closed,134,0.00028262533212322584
596,2023-08-21 01:40:00,1.08776,1,Short,Closed,32,0.00019353322147064428
597,2023-08-21 02:20:00,1.08722,1,Long,Closed,19,0.00016285140177763866
598,2023-08-21 03:40:00,1.08826,1,Short,Closed,60,0.00018893913816845856
599,2023-08-21 04:20:00,1.0873599999999999,1,Long,Closed,175,0.00025756125166934016
600,2023-08-21 05:40:00,1.08823,1,Short,Closed,143,0.0002564395658556033
601,2023-08-21 07:15:00,1.08807,1,Long,Closed,53,0.0001772766376017387
602,2023-08-21 08:20:00,1.08832,1,Short,Closed,58,0.00018671973178512302
603,2023-08-21 09:25:00,1.08794,1,Long,Closed,133,0.0002696991714178161
604,2023-08-21 10:30:00,1.0887,0,Short,Closed,259,0.00039124526038684487
605,2023-08-22 00:10:00,1.08908,1,Long,Closed,33,0.00014918103129866193
606,2023-08-22 01:15:00,1.08973,1,Short,Closed,24,0.0001645822025543871
607,2023-08-22 03:30:00,1.08951,1,Long,Closed,59,0.00014594152726994504
608,2023-08-22 04:15:00,1.08991,0,Short,Closed,89,0.00019523517219523706
609,2023-08-22 07:50:00,1.09106,1,Long,Closed,35,0.00017355198874468504
610,2023-08-22 09:40:00,1.0917,0,Short,Closed,147,0.00027407937910870064
611,2023-08-23 00:20:00,1.08451,1,Long,Closed,17,0.0001546611055536986
612,2023-08-23 01:55:00,1.08469,0,Short,Closed,13,0.00010367508394411296
613,2023-08-23 04:15:00,1.085,1,Long,Closed,140,0.0001797532088132965
614,2023-08-23 04:30:00,1.08535,0,Short,Closed,146,0.00020221858591939153
615,2023-08-23 09:35:00,1.0853,1,Long,Closed,119,0.00026323536405613133
616,2023-08-23 10:55:00,1.082,0,Long,Closed,251,0.0007560604780688004
617,2023-08-24 03:35:00,1.08721,1,Short,Closed,52,0.00023352415309179598
618,2023-08-24 04:45:00,1.08606,1,Long,Closed,92,0.00027930304420484633
619,2023-08-24 06:40:00,1.08661,1,Short,Closed,45,0.0002508509442648064
620,2023-08-24 09:55:00,1.08592,1,Long,Closed,195,0.0003188785619147182
621,2023-08-25 00:05:00,1.08092,0,Short,Closed,5,0.00018598292190760482
622,2023-08-25 02:30:00,1.08013,0,Long,Closed,42,0.00022200916527357465
623,2023-08-25 09:10:00,1.0785,1,Short,Closed,200,0.00025128634341171517
624,2023-08-25 10:10:00,1.07894,1,Long,Closed,219,0.0003536580062801162
625,2023-08-28 01:20:00,1.0796000000000001,0,Short,Closed,25,0.00018493044879827904
626,2023-08-28 08:05:00,1.08055,1,Long,Closed,79,0.00014308000789575292
627,2023-08-28 08:45:00,1.08127,1,Short,Closed,45,0.0001749961010968943
628,2023-08-29 00:05:00,1.08147,0,Short,Closed,26,0.00017060412058950665
629,2023-08-29 04:05:00,1.08267,1,Long,Closed,165,0.000217285063582092
630,2023-08-29 04:45:00,1.08344,1,Short,Closed,134,0.0002308278201978626
631,2023-08-29 07:35:00,1.0830899999999999,0,Long,Closed,41,0.0001475337660603382
632,2023-08-29 10:55:00,1.08182,1,Short,Closed,247,0.00039326339781797407
633,2023-08-30 00:20:00,1.08774,1,Long,Closed,47,0.00026773036537996103
634,2023-08-30 01:20:00,1.08818,1,Short,Closed,24,0.0002162994684946829
635,2023-08-30 03:20:00,1.08695,0,Long,Closed,116,0.0002030253323753699
636,2023-08-30 07:05:00,1.08685,1,Short,Closed,49,0.000146926245667119
637,2023-08-30 08:20:00,1.08601,1,Long,Closed,139,0.00015364101252587247
638,2023-08-30 09:20:00,1.08749,1,Short,Closed,132,0.0003427011405691232
639,2023-08-30 10:35:00,1.08645,1,Long,Closed,142,0.0004028123195769009
640,2023-08-31 00:20:00,1.09206,1,Long,Closed,23,0.0001540617334302049
641,2023-08-31 00:50:00,1.09242,0,Short,Closed,313,0.00015444292735656613
642,2023-08-31 05:25:00,1.09275,0,Long,Closed,48,0.000250984032629639
643,2023-09-01 00:15:00,1.08408,1,Long,Closed,19,0.0002288798926926104
644,2023-09-01 04:35:00,1.08463,1,Short,Closed,105,0.00024701894957418333
645,2023-09-01 06:05:00,1.08444,1,Long,Closed,61,0.00023108553526401038
646,2023-09-01 08:20:00,1.0847,1,Short,Closed,51,0.00017344777788491343
647,2023-09-01 09:15:00,1.08418,1,Long,Closed,140,0.00023857461799897984
648,2023-09-01 10:20:00,1.08476,1,Short,Closed,244,0.0003861430247565781
649,2023-09-04 00:05:00,1.07753,1,Long,Closed,11,0.00015301520230046975
650,2023-09-04 00:50:00,1.07766,1,Short,Closed,122,0.00013832564504177852
651,2023-09-04 01:05:00,1.07751,1,Long,Closed,47,0.0001585318666752068
652,2023-09-04 04:05:00,1.07796,0,Short,Closed,87,0.00015424914350798189
653,2023-09-04 07:30:00,1.07818,1,Long,Closed,28,0.00015831241403957245
654,2023-09-04 08:15:00,1.07875,0,Short,Closed,50,0.00015666835223895038
655,2023-09-05 00:05:00,1.0790899999999999,0,Short,Closed,9,0.00010048451501049335
656,2023-09-05 00:25:00,1.07927,1,Long,Closed,4,0.00012551406271383794
657,2023-09-05 01:30:00,1.0796999999999999,1,Short,Closed,13,0.0001051253659577358
658,2023-09-05 02:15:00,1.07939,0,Long,Closed,26,9.95801969529861e-05
659,2023-09-05 04:10:00,1.07919,1,Short,Closed,79,0.0001443058609711688
660,2023-09-05 05:00:00,1.07888,1,Long,Closed,126,0.00022485262478223316
661,2023-09-05 07:55:00,1.07906,1,Short,Closed,83,0.00018256938204881754
662,2023-09-05 08:50:00,1.0784,0,Long,Closed,132,0.0002050524504145735
663,2023-09-06 00:55:00,1.0723,1,Short,Closed,26,0.00014541420650771518
664,2023-09-06 03:25:00,1.07225,0,Long,Closed,74,0.00016061198603564372
665,2023-09-06 06:10:00,1.07296,1,Short,Closed,53,0.00025386120959840013
666,2023-09-07 01:35:00,1.07254,1,Short,Closed,35,0.00013035704062164962
667,2023-09-07 02:25:00,1.07239,1,Long,Closed,22,0.00010640118547009317
668,2023-09-07 04:30:00,1.07253,0,Short,Closed,75,0.00019782645444057007
669,2023-09-07 08:15:00,1.07187,1,Long,Closed,42,0.00018395801500281574
670,2023-09-07 09:20:00,1.07215,1,Short,Closed,118,0.00026923158468508993
671,2023-09-07 10:45:00,1.07139,0,Long,Closed,152,0.0003815270609950112
672,2023-09-08 01:10:00,1.06974,1,Short,Closed,32,0.00011087774722705016
673,2023-09-08 02:10:00,1.0695999999999999,1,Long,Closed,18,9.369954277079313e-05
674,2023-09-08 04:10:00,1.07124,0,Short,Closed,127,0.00024256338300151814
675,2023-09-08 08:00:00,1.07136,1,Long,Closed,29,0.00015835611925103132
676,2023-09-08 08:45:00,1.072,1,Short,Closed,49,0.0001580712478415034
677,2023-09-08 10:10:00,1.07145,0,Long,Closed,232,0.0002619046499894963
678,2023-09-11 00:20:00,1.07121,0,Short,Closed,7,0.00021968537284177013
679,2023-09-11 06:40:00,1.0723,1,Long,Closed,92,0.00020734529555873436
680,2023-09-11 07:15:00,1.07244,0,Short,Closed,126,0.00019710014566289556
681,2023-09-11 08:55:00,1.07304,1,Long,Closed,124,0.00025795203796658125
682,2023-09-12 00:10:00,1.07465,1,Long,Closed,5,0.00020227434777993992
683,2023-09-12 01:05:00,1.07507,1,Short,Closed,16,0.00023677591337590103
684,2023-09-12 03:20:00,1.07462,1,Long,Closed,42,0.00011259886150918044
685,2023-09-12 04:25:00,1.07434,0,Short,Closed,122,0.0003756245383182867
686,2023-09-12 08:20:00,1.07397,0,Long,Closed,87,0.00017080939447299538
687,2023-09-13 00:05:00,1.07504,0,Short,Closed,21,0.0003834250231811942
688,2023-09-13 02:50:00,1.07568,1,Long,Closed,31,0.00016688340240219595
689,2023-09-13 03:20:00,1.0760399999999999,1,Short,Closed,87,0.0002314127668245984
690,2023-09-13 04:55:00,1.07574,0,Long,Closed,66,0.0002582821934075268
691,2023-09-13 08:20:00,1.07474,1,Short,Closed,60,0.0002159199207705375
692,2023-09-13 09:05:00,1.07397,1,Long,Closed,199,0.00024355694579406614
693,2023-09-13 10:50:00,1.07464,1,Short,Closed,170,0.0003977618252439977
694,2023-09-14 00:15:00,1.07289,1,Long,Closed,10,0.00012307989918957879
695,2023-09-14 01:05:00,1.07311,0,Short,Closed,42,0.00010088733884281017
696,2023-09-14 03:25:00,1.0733,1,Long,Closed,50,0.00014699447800258454
697,2023-09-14 03:40:00,1.07357,1,Short,Closed,82,0.00016513005399843844
698,2023-09-14 05:25:00,1.07353,1,Long,Closed,44,0.00024970142751961955
699,2023-09-14 06:25:00,1.07446,0,Short,Closed,71,0.00021913225151443423
700,2023-09-14 09:05:00,1.07476,0,Long,Closed,124,0.00017115364417470108
701,2023-09-15 00:10:00,1.06424,0,Long,Closed,23,0.00029354978057861866
702,2023-09-15 03:20:00,1.06403,1,Short,Closed,72,0.00018220286159710322
703,2023-09-15 04:40:00,1.06357,1,Long,Closed,93,0.00023745714710232528
704,2023-09-15 05:20:00,1.06404,0,Short,Closed,84,0.00027779698911279874
705,2023-09-18 00:50:00,1.06649,0,Short,Closed,5,0.00020416483119418716
706,2023-09-18 05:10:00,1.06645,1,Long,Closed,79,0.00019444178712793567
707,2023-09-18 05:40:00,1.0668,1,Short,Closed,49,0.0001794794245070777
708,2023-09-18 07:15:00,1.06657,1,Long,Closed,42,0.00013222645744626684
709,2023-09-18 07:35:00,1.06677,1,Short,Closed,17,0.00012736281370060828
710,2023-09-18 09:50:00,1.06632,1,Long,Closed,89,0.00025380198829703466
711,2023-09-19 00:10:00,1.06795,1,Long,Closed,29,0.0002704820889509669
712,2023-09-19 02:30:00,1.06927,1,Short,Closed,22,0.00013791553136328186
713,2023-09-19 04:00:00,1.06885,0,Long,Closed,135,0.000170022618540068
714,2023-09-20 01:55:00,1.06818,1,Short,Closed,12,0.00011069974162288075
715,2023-09-20 03:25:00,1.06813,1,Long,Closed,37,0.00011397169253809719
716,2023-09-20 03:45:00,1.06835,1,Short,Closed,46,0.00013785858784309411
717,2023-09-20 06:25:00,1.06827,0,Long,Closed,35,0.00017257003856395946
718,2023-09-20 08:45:00,1.06816,1,Short,Closed,53,0.0001412705832909678
719,2023-09-20 10:25:00,1.06785,1,Long,Closed,170,0.00034086696973866193
720,2023-09-21 01:10:00,1.06612,1,Short,Closed,47,0.00020936852476515083
721,2023-09-21 02:30:00,1.06536,0,Long,Closed,55,0.0001757781517427546
722,2023-09-21 05:20:00,1.06381,1,Short,Closed,48,0.00024842463167399926
723,2023-09-21 05:55:00,1.06241,1,Long,Closed,271,0.0003484236302761824
724,2023-09-21 06:55:00,1.06365,0,Short,Closed,63,0.0002595379955736664
725,2023-09-22 00:10:00,1.06584,1,Long,Closed,20,0.0002493498264954991
726,2023-09-22 01:40:00,1.06623,1,Short,Closed,16,0.0001415003955129049
727,2023-09-22 02:20:00,1.06608,0,Long,Closed,33,0.00011510381090233563
728,2023-09-22 04:15:00,1.06491,1,Long,Closed,186,0.00026189706526616766
729,2023-09-22 06:00:00,1.06481,0,Short,Closed,78,0.0002744114771719072
730,2023-09-22 09:15:00,1.06494,1,Long,Closed,155,0.00024891286715763276
731,2023-09-22 09:55:00,1.06593,1,Short,Closed,225,0.0003131719505329353
732,2023-09-22 10:40:00,1.06467,0,Long,Closed,360,0.0008618709534231975
733,2023-09-25 00:20:00,1.06507,1,Short,Closed,26,0.00021892246127956565
734,2023-09-25 01:10:00,1.06495,1,Long,Closed,68,0.00027280439249349395
735,2023-09-25 04:10:00,1.06501,1,Short,Closed,92,0.00019962094102858778
736,2023-09-25 04:55:00,1.06475,1,Long,Closed,68,0.00021464585983027045
737,2023-09-25 06:10:00,1.06491,1,Short,Closed,68,0.0001719704972677647
738,2023-09-25 07:15:00,1.06465,1,Long,Closed,22,0.00014005740461429974
739,2023-09-25 10:05:00,1.06471,1,Short,Closed,148,0.0002685103792853642
740,2023-09-26 00:35:00,1.05907,1,Long,Closed,5,0.00015984024427099952
741,2023-09-26 01:40:00,1.0595599999999998,1,Short,Closed,43,0.00015804818145190265
742,2023-09-26 03:15:00,1.05904,0,Long,Closed,71,0.00013756238468347052
743,2023-09-26 08:10:00,1.05894,1,Short,Closed,36,0.00018451134743769528
744,2023-09-26 08:35:00,1.05852,0,Long,Closed,88,0.00021170251183322421
745,2023-09-26 10:55:00,1.05873,0,Short,Closed,250,0.0004084060724338555
746,2023-09-27 00:10:00,1.05696,1,Long,Closed,15,0.00020089519158333454
747,2023-09-27 02:25:00,1.05709,1,Short,Closed,51,0.00013224201573086976
748,2023-09-27 02:55:00,1.057,0,Long,Closed,43,0.00015044974905598896
749,2023-09-27 04:45:00,1.05669,1,Short,Closed,145,0.00025706297694397067
750,2023-09-27 05:45:00,1.05629,0,Long,Closed,61,0.00023404390909667375
751,2023-09-27 09:00:00,1.05602,0,Short,Closed,157,0.00021821752013493037
752,2023-09-28 03:05:00,1.05081,0,Short,Closed,180,0.00016038084715198773
753,2023-09-28 06:10:00,1.05006,1,Long,Closed,43,0.00019790181858155657
754,2023-09-28 06:50:00,1.05041,1,Short,Closed,105,0.00018478719093358026
755,2023-09-28 07:20:00,1.04996,1,Long,Closed,86,0.00019406989704051593
756,2023-09-28 08:30:00,1.05076,1,Short,Closed,391,0.00018748973003431026
757,2023-09-28 10:05:00,1.05017,1,Long,Closed,415,0.0004154966621511053
758,2023-09-28 10:35:00,1.05109,0,Short,Closed,243,0.0004969632920728231
759,2023-09-29 00:15:00,1.0561,1,Long,Closed,9,0.00026696296122961265
760,2023-09-29 05:05:00,1.05771,0,Short,Closed,94,0.00024352437784929721
761,2023-09-29 08:50:00,1.05817,1,Long,Closed,128,0.00019440144181615926
762,2023-09-29 09:30:00,1.05861,0,Short,Closed,273,0.0003012049173145114
763,2023-10-02 00:15:00,1.05689,0,Long,Closed,61,0.00035377540435933586
764,2023-10-02 03:10:00,1.05644,0,Short,Closed,164,0.00022558361836113675
765,2023-10-02 09:10:00,1.05643,1,Long,Closed,214,0.00018204024619835775
766,2023-10-02 09:55:00,1.05789,1,Short,Closed,663,0.0003029549024078522
767,2023-10-03 00:15:00,1.04785,1,Long,Closed,21,0.00019176684108038574
768,2023-10-03 01:40:00,1.04804,1,Short,Closed,102,0.00015251752959231807
769,2023-10-03 02:10:00,1.0478900000000002,1,Long,Closed,80,0.00016571934638387608
770,2023-10-03 03:05:00,1.04784,1,Short,Closed,193,0.00019246517690630886
771,2023-10-03 03:20:00,1.04716,0,Long,Closed,168,0.0003225386274282554
772,2023-10-03 09:55:00,1.04747,0,Short,Closed,167,0.00035270976996226386
773,2023-10-04 00:00:00,1.04596,1,Long,Closed,4,0.0002398210880035534
774,2023-10-04 02:55:00,1.04685,1,Short,Closed,41,0.00013303873877162722
775,2023-10-04 04:50:00,1.04666,0,Long,Closed,79,0.000280393138573639
776,2023-10-04 07:50:00,1.04666,1,Short,Closed,102,0.0001912888547588649
777,2023-10-04 09:50:00,1.04593,1,Long,Closed,175,0.0002818343895502981
778,2023-10-04 10:30:00,1.04699,0,Short,Closed,253,0.0004199382998951162
779,2023-10-05 00:10:00,1.05056,1,Long,Closed,7,0.0002448832206962769
780,2023-10-05 02:45:00,1.05068,1,Short,Closed,100,0.00013590748184504932
781,2023-10-05 03:20:00,1.0506199999999999,1,Long,Closed,54,0.00015706596049573155
782,2023-10-05 04:30:00,1.05219,0,Short,Closed,169,0.0003008952221969412
783,2023-10-05 07:50:00,1.05224,1,Long,Closed,47,0.0001862647967713171
784,2023-10-05 08:40:00,1.05256,1,Short,Closed,120,0.00019190970447710725
785,2023-10-05 09:30:00,1.05141,1,Long,Closed,125,0.0002818395950676058
786,2023-10-06 00:10:00,1.05477,0,Long,Closed,30,0.00023337357210631622
787,2023-10-06 06:05:00,1.05448,1,Short,Closed,97,0.00020049112694877415
788,2023-10-06 07:05:00,1.05423,1,Long,Closed,40,0.00017087199330858223
789,2023-10-06 10:25:00,1.05446,0,Short,Closed,261,0.0003244050090241612
790,2023-10-09 00:55:00,1.05533,1,Long,Closed,88,0.0003640845878388261
791,2023-10-09 02:40:00,1.05646,1,Short,Closed,75,0.0003287724028224132
792,2023-10-09 04:50:00,1.05598,0,Long,Closed,73,0.00033370015716939315
793,2023-10-09 08:50:00,1.05546,1,Short,Closed,89,0.00021141421890606658
794,2023-10-09 10:05:00,1.05394,0,Long,Closed,370,0.00038740420120858885
795,2023-10-10 00:00:00,1.05596,1,Long,Closed,3,0.00018982664406356066
796,2023-10-10 01:50:00,1.05705,0,Short,Closed,20,0.0001455956338908838
797,2023-10-10 03:55:00,1.05752,1,Long,Closed,196,0.0002730923027477043
798,2023-10-10 04:35:00,1.05766,1,Short,Closed,241,0.00031910758674167153
799,2023-10-10 06:10:00,1.05673,0,Long,Closed,138,0.0002709549000029834
800,2023-10-10 08:50:00,1.05644,0,Short,Closed,144,0.00020812009265803815
801,2023-10-11 02:35:00,1.06058,1,Short,Closed,16,0.00014442255063334443
802,2023-10-11 03:00:00,1.06043,1,Long,Closed,132,0.0001271997197825073
803,2023-10-11 03:55:00,1.06098,1,Short,Closed,87,0.00020627190493390847
804,2023-10-11 04:35:00,1.06023,1,Long,Closed,142,0.0002383160256839467
805,2023-10-11 08:45:00,1.06039,1,Short,Closed,89,0.00021472915304840702
806,2023-10-11 09:15:00,1.06021,1,Long,Closed,163,0.00023049629864262605
807,2023-10-11 09:40:00,1.06089,1,Short,Closed,213,0.00027895343497486957
808,2023-10-12 00:10:00,1.06184,1,Long,Closed,27,0.00033776501301743404
809,2023-10-12 01:40:00,1.06206,0,Short,Closed,38,0.00016714324397777873
810,2023-10-12 09:35:00,1.06293,1,Long,Closed,237,0.0002872748777451631
811,2023-10-12 09:55:00,1.06336,1,Short,Closed,212,0.00033328503184295975
812,2023-10-12 10:45:00,1.06245,0,Long,Closed,199,0.0003356650468610523
813,2023-10-13 01:10:00,1.05311,0,Short,Closed,46,0.0001416336556120561
814,2023-10-13 08:55:00,1.0545,1,Long,Closed,103,0.00017903754750972774
815,2023-10-13 10:40:00,1.05511,1,Short,Closed,279,0.0004220424655121437
816,2023-10-16 00:05:00,1.05088,1,Long,Closed,10,0.00021318812540466864
817,2023-10-16 00:30:00,1.05089,0,Short,Closed,32,0.00036327065851633446
818,2023-10-16 03:35:00,1.0517400000000001,1,Long,Closed,88,0.0002631342204368663
819,2023-10-16 04:25:00,1.05239,0,Short,Closed,88,0.00025946218227590543
820,2023-10-17 01:40:00,1.0558,0,Long,Closed,32,0.00012338575654226232
821,2023-10-17 03:25:00,1.05584,1,Short,Closed,62,0.000156216938173537
822,2023-10-17 04:25:00,1.05524,0,Long,Closed,78,0.00020382307831787067
823,2023-10-17 10:50:00,1.05536,1,Short,Closed,280,0.0003462498279782112
824,2023-10-18 00:10:00,1.05751,0,Long,Closed,20,0.00023642733386196115
825,2023-10-18 05:45:00,1.05739,0,Short,Closed,79,0.0002358174645587108
826,2023-10-18 10:15:00,1.05819,0,Long,Closed,317,0.0003281634964802946
827,2023-10-19 01:40:00,1.05381,1,Short,Closed,23,0.00012987134820842392
828,2023-10-19 03:35:00,1.05369,0,Long,Closed,152,0.00018953746559815794
829,2023-10-19 09:35:00,1.05342,1,Short,Closed,182,0.0002777790999652921
830,2023-10-20 01:40:00,1.05819,1,Short,Closed,32,0.0001633191173981564
831,2023-10-20 02:20:00,1.05792,1,Long,Closed,27,0.0001436597313866239
832,2023-10-20 03:10:00,1.05796,1,Short,Closed,126,0.00019466061125200353
833,2023-10-20 03:30:00,1.0576,0,Long,Closed,150,0.00021663556117158426
834,2023-10-20 06:05:00,1.0579,1,Short,Closed,93,0.0002077589334256555
835,2023-10-20 07:30:00,1.05742,1,Long,Closed,27,0.0001501247324292814
836,2023-10-20 08:45:00,1.05751,1,Short,Closed,84,0.0001756185285918701
837,2023-10-20 09:30:00,1.05691,1,Long,Closed,211,0.0002583321992636266
838,2023-10-23 00:05:00,1.05908,0,Short,Closed,8,0.00021421193344050256
839,2023-10-23 01:35:00,1.05911,0,Long,Closed,36,0.00019978477465607754
840,2023-10-23 10:05:00,1.0584,0,Short,Closed,229,0.00030197191251945377
841,2023-10-24 01:05:00,1.06699,0,Short,Closed,27,0.00019812778341743372
842,2023-10-24 10:55:00,1.06598,0,Long,Closed,215,0.0006072404085825789
843,2023-10-25 00:10:00,1.0591,1,Long,Closed,9,0.00021880605872716115
844,2023-10-25 02:00:00,1.05935,1,Short,Closed,59,0.0001299641220374823
845,2023-10-25 04:05:00,1.05935,1,Long,Closed,93,0.00019852437295478134
846,2023-10-25 04:25:00,1.05939,0,Short,Closed,59,0.00020923351249380073
847,2023-10-25 08:50:00,1.06006,0,Long,Closed,98,0.00015865556721179737
848,2023-10-26 00:05:00,1.0566,1,Long,Closed,10,0.00014436915410555995
849,2023-10-26 01:00:00,1.05678,1,Short,Closed,68,0.000125464382893611
850,2023-10-26 02:35:00,1.0564,1,Long,Closed,56,0.00014124435040072035
851,2023-10-26 03:20:00,1.05631,1,Short,Closed,100,0.00017412553488143994
852,2023-10-26 04:25:00,1.05609,0,Long,Closed,91,0.00020654426468591196
853,2023-10-27 03:25:00,1.05601,0,Long,Closed,53,0.00018746608612618465
854,2023-10-27 05:05:00,1.05607,1,Short,Closed,94,0.0002202336021886526
855,2023-10-27 09:45:00,1.05574,1,Long,Closed,177,0.00025321671646633543
856,2023-10-30 00:15:00,1.056,1,Long,Closed,28,0.00024551416074663465
857,2023-10-30 04:20:00,1.05607,1,Short,Closed,132,0.00023304938503407793
858,2023-10-30 06:35:00,1.05602,1,Long,Closed,56,0.00016020445701401897
859,2023-10-30 08:00:00,1.05611,1,Short,Closed,21,0.00012580640479773158
860,2023-10-30 08:25:00,1.05608,1,Long,Closed,40,0.00011981880216683592
861,2023-10-31 01:05:00,1.06154,0,Long,Closed,18,0.00013892632546711503
862,2023-10-31 08:35:00,1.05979,0,Short,Closed,74,0.00019194669311624877
863,2023-11-01 00:15:00,1.05751,1,Long,Closed,9,0.00022550389884079948
864,2023-11-01 01:55:00,1.05793,1,Short,Closed,38,0.00014607607205437606
865,2023-11-01 03:55:00,1.05738,0,Long,Closed,89,0.0001955944194522071
866,2023-11-01 09:15:00,1.05711,1,Short,Closed,82,0.00017949324244762784
867,2023-11-02 00:15:00,1.05684,1,Long,Closed,29,0.0004549946687363461
868,2023-11-02 01:30:00,1.05756,0,Short,Closed,33,0.0002959865717468875
869,2023-11-02 05:20:00,1.05971,1,Long,Closed,64,0.0002095543235778152
870,2023-11-02 06:30:00,1.06001,0,Short,Closed,26,0.00020010525561272593
871,2023-11-03 01:05:00,1.0621,1,Short,Closed,11,0.00024402064215958832
872,2023-11-03 02:00:00,1.06173,1,Long,Closed,34,0.00017270440651412123
873,2023-11-03 03:25:00,1.0619,0,Short,Closed,71,0.0001531260263185224
874,2023-11-03 10:15:00,1.06307,1,Long,Closed,107,0.0002057997601627837
875,2023-11-06 00:15:00,1.07249,1,Long,Closed,15,0.0002849278160669976
876,2023-11-06 02:05:00,1.07271,0,Short,Closed,98,0.00023042175493798818
877,2023-11-07 01:10:00,1.07212,1,Short,Closed,14,0.00017464146170268917
878,2023-11-07 02:20:00,1.07192,0,Long,Closed,44,0.00015691537701733484
879,2023-11-07 08:10:00,1.07084,1,Short,Closed,82,0.00017530099070179635
880,2023-11-07 08:35:00,1.07055,0,Long,Closed,74,0.00016309653481554992
881,2023-11-07 10:15:00,1.06976,1,Short,Closed,251,0.00028494166504052795
882,2023-11-08 00:25:00,1.06989,1,Short,Closed,93,0.0001656192029323134
883,2023-11-08 01:25:00,1.06971,0,Long,Closed,38,0.00014107055884197457
884,2023-11-08 04:35:00,1.0693,1,Short,Closed,76,0.00023896684846840596
885,2023-11-08 06:15:00,1.06892,1,Long,Closed,39,0.0001691684073770602
886,2023-11-08 07:15:00,1.06905,1,Short,Closed,48,0.00014941822953554529
887,2023-11-08 08:00:00,1.06862,0,Long,Closed,101,0.00015350229902146977
888,2023-11-09 00:10:00,1.0706,1,Long,Closed,121,0.0001740693713907354
889,2023-11-09 02:10:00,1.07064,1,Short,Closed,56,0.0001817501848331423
890,2023-11-09 02:45:00,1.0705,1,Long,Closed,28,0.00016692510907100842
891,2023-11-09 03:35:00,1.0708199999999999,0,Short,Closed,101,0.0001909418359480539
892,2023-11-09 05:05:00,1.0709,1,Long,Closed,53,0.00017406424663777895
893,2023-11-09 06:30:00,1.07096,1,Short,Closed,28,0.00014264297796871055
894,2023-11-09 07:45:00,1.0708199999999999,0,Long,Closed,51,0.00011447442332480632
895,2023-11-09 08:50:00,1.0708,1,Short,Closed,68,0.00016437973077346163
896,2023-11-09 09:30:00,1.07056,0,Long,Closed,106,0.00019261124029614778
897,2023-11-10 01:00:00,1.06701,1,Short,Closed,99,0.00017404731144710252
898,2023-11-10 06:05:00,1.06711,1,Long,Closed,30,0.0001577724782972472
899,2023-11-10 10:45:00,1.06755,0,Short,Closed,182,0.0003747371549196865
900,2023-11-13 00:10:00,1.06829,1,Long,Closed,30,0.0002019534117315954
901,2023-11-13 01:30:00,1.06882,1,Short,Closed,29,0.0001899062735698772
902,2023-11-13 03:05:00,1.06853,0,Long,Closed,96,0.0001684949751013935
903,2023-11-13 06:30:00,1.06877,1,Short,Closed,48,0.0001414237124642982
904,2023-11-13 07:15:00,1.0685,1,Long,Closed,79,0.00012741854775692146
905,2023-11-13 08:40:00,1.06884,0,Short,Closed,109,0.00016096869920319217
906,2023-11-13 10:30:00,1.06931,1,Long,Closed,217,0.00032044787789924176
907,2023-11-14 00:15:00,1.06978,1,Long,Closed,95,0.00022748202094663154
908,2023-11-14 01:55:00,1.07013,1,Short,Closed,38,0.00013396772964832597
909,2023-11-14 03:30:00,1.06958,1,Long,Closed,89,0.00015520117527963024
910,2023-11-14 04:30:00,1.06997,1,Short,Closed,115,0.00016278444319996476
911,2023-11-14 07:25:00,1.06939,1,Long,Closed,51,0.00013065798540367533
912,2023-11-14 08:40:00,1.06964,0,Short,Closed,85,0.00014361095732549206
913,2023-11-15 03:00:00,1.08696,1,Long,Closed,125,0.0002341451528257731
914,2023-11-15 05:05:00,1.08798,1,Short,Closed,137,0.00024679417291753874
915,2023-11-15 07:10:00,1.08781,0,Long,Closed,81,0.0001974480775643607
916,2023-11-16 00:30:00,1.0848,0,Short,Closed,181,0.00017757989467266302
917,2023-11-16 03:30:00,1.08461,0,Long,Closed,269,0.00023163964604529052
918,2023-11-16 07:35:00,1.08385,1,Short,Closed,49,0.00015575499761277592
919,2023-11-16 08:00:00,1.0838,1,Long,Closed,179,0.00018486291115429003
920,2023-11-16 10:05:00,1.08425,0,Short,Closed,333,0.00032869804486939167
921,2023-11-17 00:05:00,1.08457,0,Short,Closed,147,0.00022940012915146168
922,2023-11-17 02:35:00,1.08512,1,Long,Closed,69,0.00018305664333425237
923,2023-11-17 03:15:00,1.08529,1,Short,Closed,188,0.00022092367332941565
924,2023-11-17 04:55:00,1.08551,1,Long,Closed,130,0.0002185568702498134
925,2023-11-17 08:15:00,1.0854300000000001,1,Short,Closed,119,0.0002091970252735372
926,2023-11-17 09:20:00,1.08416,1,Long,Closed,271,0.00024779870122657656
927,2023-11-20 00:05:00,1.091,1,Short,Closed,11,0.00029295502353981914
928,2023-11-20 02:25:00,1.09007,1,Long,Closed,89,0.0002328695020525773
929,2023-11-20 04:55:00,1.09236,1,Short,Closed,239,0.0003243466403358354
930,2023-11-20 07:15:00,1.09256,0,Long,Closed,128,0.0002801741961843137
931,2023-11-20 10:25:00,1.09241,0,Short,Closed,318,0.00042035248369414564
932,2023-11-21 00:15:00,1.09384,1,Long,Closed,11,0.00020442942978494586
933,2023-11-21 01:05:00,1.09442,0,Short,Closed,12,0.00022497014353830414
934,2023-11-21 08:10:00,1.09565,0,Long,Closed,110,0.0002223796614666474
935,2023-11-22 00:15:00,1.09104,1,Long,Closed,17,0.00024313771460714019
936,2023-11-22 01:35:00,1.09149,1,Short,Closed,82,0.00021782237481320622
937,2023-11-22 03:40:00,1.09097,1,Long,Closed,144,0.00025548421354108216
938,2023-11-22 04:50:00,1.09185,1,Short,Closed,104,0.0002435124472189524
939,2023-11-22 06:45:00,1.0914,0,Long,Closed,132,0.00017473037235223816
940,2023-11-22 10:15:00,1.09146,1,Short,Closed,329,0.00031856716892492636
941,2023-11-23 00:30:00,1.08835,1,Long,Closed,45,0.00020743710607937474
942,2023-11-23 01:20:00,1.08871,0,Short,Closed,15,0.00019872913979562468
943,2023-11-23 07:00:00,1.09026,1,Long,Closed,61,0.0001259611637808889
944,2023-11-23 08:35:00,1.09086,0,Short,Closed,154,0.00023102123461077868
945,2023-11-24 00:10:00,1.09038,1,Long,Closed,43,0.00015485895859526172
946,2023-11-24 03:05:00,1.0908,1,Short,Closed,174,0.00018593381222741323
947,2023-11-24 03:45:00,1.09028,0,Long,Closed,139,0.00021283710274822002
948,2023-11-24 05:50:00,1.08973,0,Short,Closed,48,0.0001474174753874984
949,2023-11-27 00:05:00,1.09446,0,Long,Closed,30,0.00039530075602527967
950,2023-11-27 04:10:00,1.09429,0,Short,Closed,163,0.0002956149573167729
951,2023-11-27 10:15:00,1.09485,1,Long,Closed,290,0.0003166350682860401
952,2023-11-28 00:35:00,1.09528,1,Long,Closed,68,0.0002016960169184875
953,2023-11-28 01:00:00,1.09547,0,Short,Closed,56,0.00019570759060532313
954,2023-11-28 03:50:00,1.0957,1,Long,Closed,98,0.00025620140654553124
955,2023-11-28 04:45:00,1.09595,1,Short,Closed,92,0.00027087549883092845
956,2023-11-28 06:25:00,1.09535,0,Long,Closed,99,0.00017759835913753094
957,2023-11-28 10:40:00,1.09437,0,Short,Closed,304,0.0003285816763896137
958,2023-11-29 00:05:00,1.09926,0,Short,Closed,28,0.0002559737817586389
959,2023-11-29 04:15:00,1.10061,0,Long,Closed,118,0.0003288787822403791
960,2023-11-29 06:55:00,1.1001400000000001,1,Short,Closed,99,0.0002107742971225316
961,2023-11-29 09:35:00,1.09872,0,Long,Closed,302,0.0003420685242592269
962,2023-11-30 00:10:00,1.09697,1,Long,Closed,34,0.00020560430266047418
963,2023-11-30 02:45:00,1.09775,1,Short,Closed,114,0.00016133171682562776
964,2023-11-30 04:10:00,1.09703,1,Long,Closed,137,0.00029737764558146154
965,2023-11-30 08:25:00,1.09753,1,Short,Closed,202,0.00020533573928512632
966,2023-11-30 10:05:00,1.09537,0,Long,Closed,457,0.00041005948590571096
967,2023-12-01 00:10:00,1.08851,1,Long,Closed,9,0.00025627717366846065
968,2023-12-01 01:15:00,1.08902,0,Short,Closed,78,0.00021199289385770247
969,2023-12-01 06:25:00,1.09028,1,Long,Closed,104,0.00019311708855216777
970,2023-12-01 06:45:00,1.0905,1,Short,Closed,88,0.00017397379128848855
971,2023-12-01 10:10:00,1.08993,1,Long,Closed,382,0.00039570194019921697
972,2023-12-04 00:50:00,1.08868,1,Short,Closed,122,0.0003131081206552917
973,2023-12-04 02:20:00,1.08823,0,Long,Closed,225,0.0003530522737521679
974,2023-12-04 04:45:00,1.08802,0,Short,Closed,196,0.0003242639211877709
975,2023-12-04 06:35:00,1.08717,1,Long,Closed,112,0.00027280705036040234
976,2023-12-04 08:40:00,1.08747,1,Short,Closed,179,0.0002571540822886223
977,2023-12-04 09:05:00,1.08669,1,Long,Closed,319,0.00026101659776281433
978,2023-12-04 10:40:00,1.0868699999999998,1,Short,Closed,431,0.0004379141945176146
979,2023-12-05 00:15:00,1.08333,1,Long,Closed,27,0.000249743421085469
980,2023-12-05 02:30:00,1.08399,1,Short,Closed,150,0.00016491758077809675
981,2023-12-05 03:35:00,1.08372,1,Long,Closed,219,0.00023710717710990285
982,2023-12-05 05:50:00,1.08407,0,Short,Closed,150,0.0002241807950194213
983,2023-12-05 07:35:00,1.08419,1,Long,Closed,84,0.00019858018136551455
984,2023-12-05 08:10:00,1.08418,1,Short,Closed,250,0.00023154842966114682
985,2023-12-05 10:05:00,1.0812,1,Long,Closed,475,0.0004424710768658714
986,2023-12-06 00:10:00,1.07949,1,Long,Closed,17,0.0002718514485756859
987,2023-12-06 03:20:00,1.07944,1,Short,Closed,183,0.00021475476383417294
988,2023-12-06 03:45:00,1.07941,1,Long,Closed,218,0.00025880678535782585
989,2023-12-06 05:35:00,1.07962,1,Short,Closed,41,0.00020871434086118821
990,2023-12-06 07:20:00,1.07942,1,Long,Closed,144,0.00016793556911899742
991,2023-12-06 07:50:00,1.07989,1,Short,Closed,109,0.00017737362255041946
992,2023-12-06 08:20:00,1.07932,0,Long,Closed,101,0.00022398530502927192
993,2023-12-07 01:10:00,1.07668,1,Short,Closed,45,0.00019964586970454024
994,2023-12-07 03:40:00,1.07689,0,Long,Closed,199,0.00021628843055631573
995,2023-12-07 08:35:00,1.07637,0,Short,Closed,203,0.0002323917533293409
996,2023-12-08 03:05:00,1.07967,1,Short,Closed,383,0.00027795762848978795
997,2023-12-08 03:35:00,1.07923,0,Long,Closed,276,0.00035436041381741053
998,2023-12-08 05:35:00,1.0791100000000002,1,Short,Closed,259,0.00027521974565188463
999,2023-12-08 06:55:00,1.07843,1,Long,Closed,170,0.0002251744136884303
1000,2023-12-08 07:50:00,1.07881,1,Short,Closed,234,0.00020465781958116242
1001,2023-12-08 08:30:00,1.07856,0,Long,Closed,200,0.00021621186153803778
1002,2023-12-08 10:35:00,1.07829,1,Short,Closed,401,0.0003506827722888914
1003,2023-12-11 00:10:00,1.07581,1,Long,Closed,23,0.0002451755334873532
1004,2023-12-11 01:25:00,1.07667,0,Short,Closed,108,0.0002354470997260915
1005,2023-12-11 04:15:00,1.07654,0,Long,Closed,156,0.0002565832088109911
1006,2023-12-11 08:00:00,1.07681,1,Short,Closed,127,0.00015254713366870124
1007,2023-12-11 09:50:00,1.07594,1,Long,Closed,312,0.0002439281862702411
1008,2023-12-12 00:20:00,1.07616,1,Long,Closed,85,0.00021245801795161896
1009,2023-12-12 08:00:00,1.07691,0,Short,Closed,107,0.00016811067403604043
1010,2023-12-13 00:20:00,1.07921,1,Long,Closed,78,0.00022567925172531578
1011,2023-12-13 02:05:00,1.07987,1,Short,Closed,91,0.0001423714681175569
1012,2023-12-13 02:25:00,1.07918,0,Long,Closed,115,0.00017894527022348534
1013,2023-12-13 09:55:00,1.07882,1,Short,Closed,282,0.0002576280725051281
1014,2023-12-14 01:00:00,1.0878,0,Short,Closed,141,0.0004327713887541539
1015,2023-12-14 06:55:00,1.09018,0,Long,Closed,242,0.000273603482973679
1016,2023-12-14 10:50:00,1.08963,0,Short,Closed,509,0.0004917265958224472
1017,2023-12-15 01:40:00,1.09954,1,Short,Closed,102,0.0002272982426933964
1018,2023-12-15 03:00:00,1.09831,1,Long,Closed,221,0.00027610141677796815
1019,2023-12-15 04:00:00,1.09847,0,Short,Closed,219,0.0002736874470724604
1020,2023-12-15 07:25:00,1.09964,0,Long,Closed,104,0.00024232329148109126
1021,2023-12-15 09:55:00,1.09935,1,Short,Closed,225,0.00033572063695358245
1022,2023-12-15 10:30:00,1.09677,0,Long,Closed,862,0.00057737626353009
1023,2023-12-18 01:15:00,1.08966,1,Long,Closed,94,0.00022420399049658004
1024,2023-12-18 02:35:00,1.0899,0,Short,Closed,106,0.0002032646220292015
1025,2023-12-19 00:10:00,1.09175,1,Long,Closed,40,0.00032299962829281613
1026,2023-12-19 05:45:00,1.09257,1,Short,Closed,182,0.00024204618543688231
1027,2023-12-19 07:00:00,1.0923,1,Long,Closed,102,0.00018728872600692306
1028,2023-12-19 07:40:00,1.0926899999999997,0,Short,Closed,80,0.00018705147764071892
1029,2023-12-19 10:10:00,1.09325,1,Long,Closed,267,0.00034653831774179394
1030,2023-12-20 00:25:00,1.09798,1,Short,Closed,8,0.00020623210267797532
1031,2023-12-20 02:35:00,1.09738,0,Long,Closed,164,0.00017545066159602578
1032,2023-12-20 04:50:00,1.09694,1,Short,Closed,121,0.0001713689792640064
1033,2023-12-20 07:05:00,1.0969,0,Long,Closed,133,0.00014253154230111482
1034,2023-12-20 10:05:00,1.09653,1,Short,Closed,350,0.0003148049273290839
1035,2023-12-21 01:15:00,1.09435,0,Short,Closed,85,0.00027048111170749356
1036,2023-12-21 05:40:00,1.09477,1,Long,Closed,110,0.00016980326670094518
1037,2023-12-21 07:45:00,1.09517,1,Short,Closed,125,0.00014139627791973767
1038,2023-12-21 08:30:00,1.09476,1,Long,Closed,129,0.00021185201236046275
1039,2023-12-21 10:25:00,1.09496,1,Short,Closed,263,0.0002924817464921003
1040,2023-12-22 00:05:00,1.101,1,Short,Closed,25,0.0002223408132619158
1041,2023-12-22 03:05:00,1.10062,0,Long,Closed,175,0.00024207208633143532
1042,2023-12-22 05:30:00,1.10028,1,Short,Closed,96,0.00021015091728563952
1043,2023-12-22 05:55:00,1.0998,1,Long,Closed,133,0.00022744264765375702
1044,2023-12-22 09:45:00,1.09991,0,Short,Closed,266,0.0003290858898510548
1045,2023-12-26 00:10:00,1.1007500000000001,1,Long,Closed,15,0.0002612541584551045
1046,2023-12-26 01:20:00,1.1020699999999999,1,Short,Closed,38,0.0004297474842372495
1047,2023-12-26 02:15:00,1.10166,1,Long,Closed,48,0.0002652535667658303
1048,2023-12-26 03:20:00,1.1021,0,Short,Closed,76,0.00021135915028946224
1049,2023-12-26 06:45:00,1.10235,1,Long,Closed,43,0.0001245012346318749
1050,2023-12-26 10:40:00,1.10234,1,Short,Closed,133,0.00019480344901549282
1051,2023-12-27 01:25:00,1.10435,1,Short,Closed,46,0.00010846914915209567
1052,2023-12-27 04:40:00,1.10343,0,Long,Closed,116,0.00017379666357531385
1053,2023-12-27 06:40:00,1.10398,1,Short,Closed,55,0.00013923348358530293
1054,2023-12-27 07:45:00,1.10375,1,Long,Closed,80,0.0001360561894000269
1055,2023-12-27 08:10:00,1.1043,1,Short,Closed,78,0.00015597803506520313
1056,2023-12-27 09:55:00,1.10422,1,Long,Closed,204,0.0002684995633547079
1057,2023-12-27 10:30:00,1.10468,0,Short,Closed,211,0.00037218984462990837
1058,2023-12-28 00:10:00,1.10982,1,Long,Closed,45,0.0002765000335171432
1059,2023-12-28 01:40:00,1.11083,0,Short,Closed,41,0.000202986039149684
1060,2023-12-28 04:25:00,1.11151,1,Long,Closed,110,0.00024379957529195947
1061,2023-12-28 09:30:00,1.11182,1,Short,Closed,230,0.00030762161726815375
1062,2023-12-28 10:30:00,1.11115,1,Long,Closed,353,0.000416599596231979
1063,2023-12-29 01:40:00,1.10658,0,Short,Closed,98,0.00017253101605830369
1064,2023-12-29 04:40:00,1.10742,0,Long,Closed,82,0.00023072264512649716
1065,2023-12-29 08:15:00,1.10698,1,Short,Closed,162,0.00022225617759149812
1066,2023-12-29 09:55:00,1.10655,1,Long,Closed,200,0.0002448654513839284
1067,2023-12-29 10:35:00,1.10703,1,Short,Closed,239,0.0003388939854798717
1068,2024-01-02 00:25:00,1.10432,1,Short,Closed,3,0.00024304272672048374
1069,2024-01-02 01:45:00,1.10366,1,Long,Closed,86,0.00017641173788309045
1070,2024-01-02 03:20:00,1.10429,1,Short,Closed,156,0.00019130219497101196
1071,2024-01-02 05:15:00,1.10225,1,Long,Closed,85,0.0002403711083257221
1072,2024-01-02 08:20:00,1.10327,1,Short,Closed,174,0.00020201435498500196
1073,2024-01-02 09:15:00,1.10283,1,Long,Closed,244,0.00027310305876290206
1074,2024-01-02 09:45:00,1.103,1,Short,Closed,269,0.0003460106853814475
1075,2024-01-02 10:10:00,1.10301,1,Long,Closed,429,0.0005002819982138156
1076,2024-01-03 01:25:00,1.09426,0,Short,Closed,63,0.00018660878659370638
1077,2024-01-03 08:10:00,1.09545,1,Long,Closed,157,0.00021487995906782376
1078,2024-01-03 09:00:00,1.09582,1,Short,Closed,300,0.0001847506576703207
1079,2024-01-03 10:45:00,1.09563,0,Long,Closed,312,0.00042822970471052417
1080,2024-01-04 00:20:00,1.09193,1,Long,Closed,71,0.0003294186880799599
1081,2024-01-04 01:25:00,1.09228,1,Short,Closed,79,0.0002529705878668291
1082,2024-01-04 02:55:00,1.0919699999999999,1,Long,Closed,138,0.00021364223893787987
1083,2024-01-04 05:50:00,1.09266,0,Short,Closed,65,0.00018581888133234117
1084,2024-01-05 00:10:00,1.09459,1,Long,Closed,36,0.00024285175219342838
1085,2024-01-05 02:30:00,1.09495,1,Short,Closed,64,0.00018928066690091752
1086,2024-01-05 05:00:00,1.0946900000000002,0,Long,Closed,108,0.00020550535827555634
1087,2024-01-05 09:35:00,1.09302,1,Short,Closed,192,0.00024375227079917133
1088,2024-01-05 09:55:00,1.09265,0,Long,Closed,219,0.0002674991827960967
1089,2024-01-08 00:10:00,1.09435,1,Short,Closed,17,0.00032358082269805575
1090,2024-01-08 01:25:00,1.09385,1,Long,Closed,67,0.0002489379487176431
1091,2024-01-08 02:15:00,1.0944099999999999,0,Short,Closed,98,0.0002447409175575907
1092,2024-01-08 05:15:00,1.09376,1,Long,Closed,90,0.00019771233754545102
1093,2024-01-08 08:40:00,1.09422,1,Short,Closed,130,0.00021876201338972924
1094,2024-01-08 10:15:00,1.09322,1,Long,Closed,499,0.0004139104848766367
